Macroclimate;Site;week;T;X;N;Snow;FDD;GDD;order
Temperate;Hou Sin Tierri;1;-0.097379167;-0.061357143;-0.125399999;1;-0.099907738;0;23
Temperate;Hou Sin Tierri;2;-2.441707733;-1.625400015;-3.285242896;0.285714286;-2.441707733;0;24
Temperate;Hou Sin Tierri;3;-5.466989896;-3.959514311;-6.908442838;0;-5.466989896;0;25
Temperate;Hou Sin Tierri;4;-6.917145854;-4.747257131;-8.854171617;0;-6.917145854;0;26
Temperate;Hou Sin Tierri;5;-2.9940393;-1.483971413;-4.635857208;0;-2.9940393;0;27
Temperate;Hou Sin Tierri;6;-2.11524048;-0.961757128;-3.167371443;0;-2.11524048;0;28
Temperate;Hou Sin Tierri;7;-0.762605948;0.439957165;-1.454542862;0;-0.829585115;0;29
Temperate;Hou Sin Tierri;8;-1.339374408;1.194214255;-3.560285705;0;-1.339374408;0;30
Temperate;Hou Sin Tierri;9;-0.396782147;0.376657122;-1.070800006;0.714285714;-0.433760122;0;31
Temperate;Hou Sin Tierri;10;-0.276441668;-0.180642858;-0.494399997;0.428571429;-0.276441668;0;32
Temperate;Hou Sin Tierri;11;-0.158916667;0.415100016;-0.4672;0.571428571;-0.175820833;0;33
Temperate;Hou Sin Tierri;12;1.629144072;6.619257267;-0.660800022;0.142857143;-0.00492381;1.574464905;34
Temperate;Hou Sin Tierri;13;0.919166656;2.853785774;-0.1718;0.428571429;-0.142324405;0.981407134;35
Temperate;Hou Sin Tierri;14;-0.183852976;-0.178242858;-0.191057146;1;-0.183852976;0;36
Temperate;Hou Sin Tierri;15;4.140317853;12.84744287;-0.573628569;0;0;4.091229163;37
Temperate;Hou Sin Tierri;16;1.221616064;3.185957066;0.223628573;0.571428571;0;0.999114874;38
Temperate;Hou Sin Tierri;17;2.761012505;7.297371495;0.163599998;0.571428571;-0.00486131;2.753364886;39
Temperate;Hou Sin Tierri;18;6.824247616;16.86930009;0.466285707;0;0;6.824247616;40
Temperate;Hou Sin Tierri;19;10.41336133;19.09887164;5.307185675;0;0;10.41336133;41
Temperate;Hou Sin Tierri;20;11.96890597;19.00912843;7.792557103;0;0;11.96890597;42
Temperate;Hou Sin Tierri;21;10.27381015;19.80017151;3.917385714;0;0;10.27381015;43
Temperate;Hou Sin Tierri;22;10.76961545;17.12841415;6.584628582;0;0;10.76961545;44
Temperate;Hou Sin Tierri;23;13.51768271;21.20964282;7.992900099;0;0;13.51768271;45
Temperate;Hou Sin Tierri;24;17.50001669;26.35834285;12.20941435;0;0;17.50001669;46
Temperate;Hou Sin Tierri;25;9.559256531;15.50419998;6.129099914;0;0;9.559256531;47
Temperate;Hou Sin Tierri;26;11.88669645;20.74430003;5.921285697;0;0;11.88669645;48
Temperate;Hou Sin Tierri;27;14.09079787;21.52286232;8.842662572;0;0;14.09079787;49
Temperate;Hou Sin Tierri;28;13.48304343;21.10975688;7.280385835;0;0;13.48304343;50
Temperate;Hou Sin Tierri;29;17.68515655;24.42181396;12.43347141;0;0;17.68515655;51
Temperate;Hou Sin Tierri;30;15.11269764;21.36198562;10.65997158;0;0;15.11269764;52
Temperate;Hou Sin Tierri;31;14.18826312;20.85950007;9.846071584;0;0;14.18826312;1
Temperate;Hou Sin Tierri;32;18.80424284;25.90387154;14.09575707;0;0;18.80424284;2
Temperate;Hou Sin Tierri;33;16.92652682;24.45658547;11.5971429;0;0;16.92652682;3
Temperate;Hou Sin Tierri;34;16.58203453;24.46615682;10.83048562;0;0;16.58203453;4
Temperate;Hou Sin Tierri;35;14.28554467;19.47941426;10.67472866;0;0;14.28554467;5
Temperate;Hou Sin Tierri;36;13.94013034;18.70478576;10.9299001;0;0;13.94013034;6
Temperate;Hou Sin Tierri;37;9.611986333;14.54008593;6.546042851;0;0;9.611986333;7
Temperate;Hou Sin Tierri;38;6.655192257;10.27055686;4.273928608;0;0;6.655192257;8
Temperate;Hou Sin Tierri;39;8.157947045;12.86502838;4.881785665;0;0;8.157947045;9
Temperate;Hou Sin Tierri;40;5.617366676;12.44642871;1.949428576;0;0;5.617366676;10
Temperate;Hou Sin Tierri;41;4.953070273;11.6660144;1.347257129;0;0;4.953070273;11
Temperate;Hou Sin Tierri;42;5.506172653;10.18321446;2.713957156;0;0;5.506172653;12
Temperate;Hou Sin Tierri;43;3.635459526;7.625314236;1.559614283;0;0;3.635459526;13
Temperate;Hou Sin Tierri;44;0.945520234;1.590914258;0.603914278;0;0;0.513449404;14
Temperate;Hou Sin Tierri;45;0.132146428;0.207585712;0.061114285;0.857142857;-0.031564286;0;15
Temperate;Hou Sin Tierri;46;-0.06047381;0.013071428;-0.143014287;1;-0.080541071;0;16
Temperate;Hou Sin Tierri;47;-0.034601191;-0.018157142;-0.047771427;1;-0.045563095;0;17
Temperate;Hou Sin Tierri;48;0.148843454;0.154785717;0.141971429;1;0;0;18
Temperate;Hou Sin Tierri;49;0.082246428;0.105128573;0.061885713;1;0;0;19
Temperate;Hou Sin Tierri;50;0.007067262;0.021071429;-0.011742857;1;-0.026423214;0;20
Temperate;Hou Sin Tierri;51;-0.064845238;-0.053371429;-0.079;1;-0.065992262;0;21
Temperate;Hou Sin Tierri;52;-0.007025;0.0067;-0.018142858;1;-0.008634524;0;22
Temperate;Hoyo Sin Tierra;1;0.44673393;1.264942878;-0.029671437;0.285714286;-0.101478573;0.494734526;23
Temperate;Hoyo Sin Tierra;2;-2.642714881;-1.20839998;-3.840171407;0.142857143;-2.825133334;0;24
Temperate;Hoyo Sin Tierra;3;-3.481740476;-1.639000007;-4.925171375;0;-3.481740476;0;25
Temperate;Hoyo Sin Tierra;4;-4.98896309;-1.927399993;-7.396071434;0;-4.98896309;0;26
Temperate;Hoyo Sin Tierra;5;-0.58305774;0.133371428;-1.180385722;0.285714286;-0.583336312;0;27
Temperate;Hoyo Sin Tierra;6;-0.137177382;0.476357146;-0.382185713;0.571428571;-0.156276786;0;28
Temperate;Hoyo Sin Tierra;7;0.489415479;1.879514288;-0.19432857;0.285714286;-0.106847023;0.535778574;29
Temperate;Hoyo Sin Tierra;8;0.168730357;1.567114299;-0.413371435;0;-0.066086905;0;30
Temperate;Hoyo Sin Tierra;9;0.243294046;1.166714267;-0.269471436;0.571428571;-0.08768869;0.228307737;31
Temperate;Hoyo Sin Tierra;10;-0.170588095;-0.147999998;-0.210357145;1;-0.170588095;0;32
Temperate;Hoyo Sin Tierra;11;-0.138366667;-0.134400001;-0.142400001;1;-0.138366667;0;33
Temperate;Hoyo Sin Tierra;12;1.130654754;2.961557071;0.056628563;0.571428571;-0.069821431;1.153435113;34
Temperate;Hoyo Sin Tierra;13;1.780126196;3.275985751;0.734728566;0.285714286;-0.07175;1.7750506;35
Temperate;Hoyo Sin Tierra;14;2.6618476;6.570599853;0.31179999;0;-0.100338095;2.762185695;36
Temperate;Hoyo Sin Tierra;15;6.97349882;13.0853856;2.646114264;0;0;6.97349882;37
Temperate;Hoyo Sin Tierra;16;3.500867856;5.991571477;1.880457163;0;0;3.500867856;38
Temperate;Hoyo Sin Tierra;17;7.381941668;13.53924288;3.182228574;0;0;7.381941668;39
Temperate;Hoyo Sin Tierra;18;9.780267828;16.70405701;4.683485644;0;0;9.780267828;40
Temperate;Hoyo Sin Tierra;19;13.68123506;19.3510858;9.524014268;0;0;13.68123506;41
Temperate;Hoyo Sin Tierra;20;14.01662792;19.24631419;10.24895702;0;0;14.01662792;42
Temperate;Hoyo Sin Tierra;21;12.44819347;19.09458596;7.645214353;0;0;12.44819347;43
Temperate;Hoyo Sin Tierra;22;13.24389043;17.32891396;10.05612864;0;0;13.24389043;44
Temperate;Hoyo Sin Tierra;23;15.52911187;21.21159989;11.25268568;0;0;15.52911187;45
Temperate;Hoyo Sin Tierra;24;18.68559108;24.90957178;13.66969994;0;0;18.68559108;46
Temperate;Hoyo Sin Tierra;25;11.22002917;14.8464286;8.941057205;0;0;11.22002917;47
Temperate;Hoyo Sin Tierra;26;13.75617912;19.72362832;9.064999991;0;0;13.75617912;48
Temperate;Hoyo Sin Tierra;27;16.46494011;22.84978747;11.44337511;0;0;16.46494011;49
Temperate;Hoyo Sin Tierra;28;16.7495304;23.87184306;10.90834277;0;0;16.7495304;50
Temperate;Hoyo Sin Tierra;29;20.31555896;26.62332862;14.85330009;0;0;20.31555896;51
Temperate;Hoyo Sin Tierra;30;18.09455533;24.86935697;13.01774297;0;0;18.09455533;52
Temperate;Hoyo Sin Tierra;31;17.49582497;23.84201431;12.59284292;0;0;17.49582497;1
Temperate;Hoyo Sin Tierra;32;21.47542139;28.53264236;16.06594276;0;0;21.47542139;2
Temperate;Hoyo Sin Tierra;33;21.08016724;28.94007111;14.79048552;0;0;21.08016724;3
Temperate;Hoyo Sin Tierra;34;20.65609048;28.06944329;14.43080003;0;0;20.65609048;4
Temperate;Hoyo Sin Tierra;35;16.46651899;21.00574275;12.89168562;0;0;16.46651899;5
Temperate;Hoyo Sin Tierra;36;15.30291187;19.49097143;12.34231431;0;0;15.30291187;6
Temperate;Hoyo Sin Tierra;37;11.69928212;15.03162861;9.218757153;0;0;11.69928212;7
Temperate;Hoyo Sin Tierra;38;8.470689288;11.43224294;6.228528636;0;0;8.470689288;8
Temperate;Hoyo Sin Tierra;39;10.26542321;13.72914274;7.712928568;0;0;10.26542321;9
Temperate;Hoyo Sin Tierra;40;8.678198796;13.65227141;5.657571418;0;0;8.678198796;10
Temperate;Hoyo Sin Tierra;41;7.903842856;12.41095706;5.064314298;0;0;7.903842856;11
Temperate;Hoyo Sin Tierra;42;7.278505364;10.71108573;5.012242913;0;0;7.278505364;12
Temperate;Hoyo Sin Tierra;43;5.359855948;8.221542972;3.453385762;0;0;5.359855948;13
Temperate;Hoyo Sin Tierra;44;2.238297619;3.420071397;1.459028576;0;0;2.144960714;14
Temperate;Hoyo Sin Tierra;45;3.74231131;6.798571519;2.299557141;0;0;3.74231131;15
Temperate;Hoyo Sin Tierra;46;1.320245834;3.19791426;0.559499998;0;0;0.989232735;16
Temperate;Hoyo Sin Tierra;47;0.188054167;0.405971428;-0.020071419;0.142857143;-0.164046428;0;17
Temperate;Hoyo Sin Tierra;48;-0.315815477;-0.189571427;-0.442928582;0.714285714;-0.315815477;0;18
Temperate;Hoyo Sin Tierra;49;0.014294048;0.294100006;-0.103228571;0.857142857;-0.050138095;0;19
Temperate;Hoyo Sin Tierra;50;-2.500801187;-1.503742886;-3.590400006;0;-2.500801187;0;20
Temperate;Hoyo Sin Tierra;51;-0.591715478;0.052671419;-1.234842877;0.571428571;-0.605789883;0;21
Temperate;Hoyo Sin Tierra;52;1.594992856;2.901214276;0.604242855;0;0;1.452813093;22
Temperate;Los Cazadores;1;0.541115478;0.553242854;0.511528569;0;0;0;23
Temperate;Los Cazadores;2;0.345059523;0.388714284;0.295642855;0.571428571;0;0;24
Temperate;Los Cazadores;3;-0.081580953;-0.069514286;-0.093585715;1;-0.081682143;0;25
Temperate;Los Cazadores;4;-0.21878869;-0.206728571;-0.230799999;1;-0.21878869;0;26
Temperate;Los Cazadores;5;-0.232439883;-0.218771428;-0.246828575;1;-0.232439883;0;27
Temperate;Los Cazadores;6;-0.209782145;-0.201114288;-0.217171431;1;-0.209782145;0;28
Temperate;Los Cazadores;7;-0.179497619;-0.169014288;-0.18907143;1;-0.179497619;0;29
Temperate;Los Cazadores;8;-0.153748213;-0.148142855;-0.159357141;1;-0.153748213;0;30
Temperate;Los Cazadores;9;-0.141593452;-0.135314285;-0.14652857;1;-0.141593452;0;31
Temperate;Los Cazadores;10;-0.107222619;-0.103214286;-0.112028571;1;-0.107222619;0;32
Temperate;Los Cazadores;11;-0.068938691;-0.063871429;-0.073528572;1;-0.068938691;0;33
Temperate;Los Cazadores;12;0.008333929;0.017171429;-0.000485714;1;-0.009460714;0;34
Temperate;Los Cazadores;13;0.135058929;0.143957141;0.124699999;1;0;0;35
Temperate;Los Cazadores;14;0.207424403;0.212971426;0.198528571;1;0;0;36
Temperate;Los Cazadores;15;0.193808928;0.219385713;0.164828571;1;0;0;37
Temperate;Los Cazadores;16;0.281352381;0.335757142;0.240257142;0.857142857;0;0;38
Temperate;Los Cazadores;17;0.195852976;0.210557141;0.17527143;1;0;0;39
Temperate;Los Cazadores;18;2.574596432;6.174443015;0.547700015;0.428571429;0;2.367772622;40
Temperate;Los Cazadores;19;10.16960894;16.82987131;6.021399872;0;0;10.16960894;41
Temperate;Los Cazadores;20;11.73098927;17.4217141;8.015328475;0;0;11.73098927;42
Temperate;Los Cazadores;21;10.21347443;17.09010015;5.452414342;0;0;10.21347443;43
Temperate;Los Cazadores;22;11.62111134;16.84209987;7.631842818;0;0;11.62111134;44
Temperate;Los Cazadores;23;13.8191232;19.81572873;9.104428633;0;0;13.8191232;45
Temperate;Los Cazadores;24;16.39213209;22.9407429;11.27667127;0;0;16.39213209;46
Temperate;Los Cazadores;25;10.37960777;14.76685715;7.400242874;0;0;10.37960777;47
Temperate;Los Cazadores;26;12.21039049;18.97388581;7.066285542;0;0;12.21039049;48
Temperate;Los Cazadores;27;14.00152702;20.87827504;9.086012662;0;0;14.00152702;49
Temperate;Los Cazadores;28;13.76452859;21.49307196;8.176842893;0;0;13.76452859;50
Temperate;Los Cazadores;29;15.93222082;21.62541389;11.91844286;0;0;15.93222082;51
Temperate;Los Cazadores;30;13.87040775;20.00024319;9.443000044;0;0;13.87040775;52
Temperate;Los Cazadores;31;13.31363633;19.35795675;9.228800093;0;0;13.31363633;1
Temperate;Los Cazadores;32;16.53162915;23.72005708;11.78017153;0;0;16.53162915;2
Temperate;Los Cazadores;33;16.1092042;23.94774273;10.61495699;0;0;16.1092042;3
Temperate;Los Cazadores;34;16.27812797;23.85645703;10.87805721;0;0;16.27812797;4
Temperate;Los Cazadores;35;13.46627141;17.8164572;10.25352866;0;0;13.46627141;5
Temperate;Los Cazadores;36;13.4420476;17.99394281;10.3543569;0;0;13.4420476;6
Temperate;Los Cazadores;37;10.44895952;14.82802882;7.662028654;0;0;10.44895952;7
Temperate;Los Cazadores;38;7.209904747;10.06018571;5.021242857;0;0;7.209904747;8
Temperate;Los Cazadores;39;8.282536897;11.82627133;5.821314369;0;0;8.282536897;9
Temperate;Los Cazadores;40;6.73822201;11.22954287;3.988757133;0;0;6.73822201;10
Temperate;Los Cazadores;41;6.268754183;10.42888587;3.56931431;0;0;6.268754183;11
Temperate;Los Cazadores;42;6.116440478;9.190157141;4.030271428;0;0;6.116440478;12
Temperate;Los Cazadores;43;4.597989282;7.439657075;2.848842825;0;0;4.597989282;13
Temperate;Los Cazadores;44;1.986288096;2.513242875;1.710028546;0;0;1.986288096;14
Temperate;Los Cazadores;45;1.414800591;1.460328562;1.357585703;0;0;1.414800591;15
Temperate;Los Cazadores;46;1.151901783;1.213871419;1.086228575;0;0;0.73879702;16
Temperate;Los Cazadores;47;1.096975013;1.111128569;1.081414299;0;0;1.096975013;17
Temperate;Los Cazadores;48;1.032149406;1.041285719;1.023628576;0;0;0.753177978;18
Temperate;Los Cazadores;49;0.530773213;0.645585716;0.45937142;0.285714286;0;0;19
Temperate;Los Cazadores;50;0.555401788;0.576542867;0.529985717;0.142857143;0;0;20
Temperate;Los Cazadores;51;0.611179764;0.635114278;0.547642853;0;0;0;21
Temperate;Los Cazadores;52;0.479223808;0.515542852;0.440114281;0.428571429;0;0;22
Temperate;Los Boches;1;-0.115191822;-0.078865067;-0.158581338;0.902439024;-0.161017162;0;23
Temperate;Los Boches;2;-0.321090563;-0.279922921;-0.352542072;0.892857143;-0.37226035;0;24
Temperate;Los Boches;3;-0.142112278;-0.117827958;-0.164249354;0.904761905;-0.184949567;0;25
Temperate;Los Boches;4;-0.250497576;-0.221279665;-0.275369287;0.833333333;-0.283660931;0;26
Temperate;Los Boches;5;-0.175304282;-0.153119334;-0.194106268;0.892857143;-0.199203394;0;27
Temperate;Los Boches;6;-0.167962974;-0.15059594;-0.185200733;0.916666667;-0.188668399;0;28
Temperate;Los Boches;7;-0.189602477;-0.176406107;-0.203237304;0.916666667;-0.208310811;0;29
Temperate;Los Boches;8;-0.175909749;-0.164336238;-0.187396131;0.916666667;-0.194686498;0;30
Temperate;Los Boches;9;-0.141735292;-0.132445421;-0.15153801;0.916666667;-0.16330563;0;31
Temperate;Los Boches;10;-0.115127164;-0.105625878;-0.125024484;0.916666667;-0.135874087;0;32
Temperate;Los Boches;11;-0.068047465;-0.060291091;-0.077537282;0.964285714;-0.087747046;0;33
Temperate;Los Boches;12;-0.055488017;-0.04916119;-0.061782079;1;-0.075553607;0;34
Temperate;Los Boches;13;-0.053990117;-0.047179651;-0.060754756;1;-0.073651493;0;35
Temperate;Los Boches;14;-0.047396503;-0.041565043;-0.053480209;1;-0.066309383;0;36
Temperate;Los Boches;15;-0.050623645;-0.043802348;-0.058093444;1;-0.068300638;0;37
Temperate;Los Boches;16;-0.055236019;-0.049368007;-0.061769335;1;-0.070607854;0;38
Temperate;Los Boches;17;-0.060442591;-0.054249782;-0.067126668;1;-0.072700046;0;39
Temperate;Los Boches;18;-0.065694923;-0.058799164;-0.07353874;1;-0.077022456;0;40
Temperate;Los Boches;19;-0.06689564;-0.038366156;-0.080939513;0.988095238;-0.082185477;0;41
Temperate;Los Boches;20;0.507637967;0.877764641;0.232129234;0.904761905;-0.080256821;0.579220713;42
Temperate;Los Boches;21;2.313586669;3.498865527;1.275511292;0.726190476;-0.052008339;2.355772907;43
Temperate;Los Boches;22;4.150755607;6.475597167;2.304756829;0.523809524;-0.035553383;4.174831756;44
Temperate;Los Boches;23;5.6260681;8.230685873;3.539951575;0.392857143;-0.023310893;5.633768091;45
Temperate;Los Boches;24;5.813420568;8.108354149;3.979199094;0.261904762;-0.014251095;5.785833609;46
Temperate;Los Boches;25;9.301437793;13.27654616;6.011888521;0.178571429;-0.01367441;9.314561019;47
Temperate;Los Boches;26;11.3465249;15.25421801;7.952814401;0.095238095;-0.009232161;11.35575706;48
Temperate;Los Boches;27;12.65672609;16.67894846;9.251958244;0.035714286;-0.004060576;12.65948515;49
Temperate;Los Boches;28;14.18771661;19.13613227;10.02499939;0;0;14.18771661;50
Temperate;Los Boches;29;15.1094152;19.43839824;11.39802392;0;0;15.1094152;51
Temperate;Los Boches;30;15.39540409;19.8251024;11.63468843;0;0;15.39540409;52
Temperate;Los Boches;31;15.14411578;19.40223336;11.59619801;0;0;15.14411578;1
Temperate;Los Boches;32;14.80170947;19.19359176;11.22940367;0;0;14.80170947;2
Temperate;Los Boches;33;14.88123771;19.03178335;11.47797823;0;0;14.88123771;3
Temperate;Los Boches;34;14.83062654;18.62956789;11.70465892;0;0;14.83062654;4
Temperate;Los Boches;35;13.1622648;16.81947852;10.18243035;0;0;13.1622648;5
Temperate;Los Boches;36;11.98445361;15.43640498;9.265031549;0;0;11.98445361;6
Temperate;Los Boches;37;10.49505499;13.90590275;7.772847621;0;0;10.49505499;7
Temperate;Los Boches;38;8.599643363;11.26325536;6.434191596;0;0;8.599643363;8
Temperate;Los Boches;39;7.999591048;10.73985703;5.844145563;0;0;7.999591048;9
Temperate;Los Boches;40;7.00773467;9.727892198;4.980345194;0;0;7.00773467;10
Temperate;Los Boches;41;5.862336148;8.046561162;4.173456139;0;0;5.862336148;11
Temperate;Los Boches;42;4.095318477;5.632802281;2.829960348;0.038961039;0;4.058778734;12
Temperate;Los Boches;43;3.710226765;5.322158685;2.587376183;0.012987013;0;3.646479036;13
Temperate;Los Boches;44;2.705544045;3.768970981;1.878783854;0.077922078;0;2.537379176;14
Temperate;Los Boches;45;1.484507006;1.96690636;1.124074968;0.220779221;0;1.187539048;15
Temperate;Los Boches;46;0.719331389;1.047414228;0.500982452;0.467532468;-0.010052658;0.409945268;16
Temperate;Los Boches;47;0.44176905;0.703293952;0.238567129;0.701298701;-0.05437344;0.333337644;17
Temperate;Los Boches;48;0.083504416;0.172908044;-0.001372573;0.807228916;-0.113133281;0.057016225;18
Temperate;Los Boches;49;-0.091340695;-0.004754976;-0.176899828;0.880952381;-0.164230987;0;19
Temperate;Los Boches;50;-0.08417813;-0.054432741;-0.117770871;0.928571429;-0.123602828;0;20
Temperate;Los Boches;51;-0.064985819;-0.044332416;-0.089416348;0.94047619;-0.097760175;0;21
Temperate;Los Boches;52;-0.194142214;-0.136459577;-0.257165381;0.845238095;-0.227625184;0;22
Mediterranean;Penauta;1;0.182838094;0.617842851;-0.047285714;0.714285714;-0.052667262;0;23
Mediterranean;Penauta;2;-0.785438687;0.091428561;-1.476442828;0;-0.935714282;0;24
Mediterranean;Penauta;3;-1.479003573;-0.741142869;-2.255257164;0;-1.479003573;0;25
Mediterranean;Penauta;4;-1.595092855;-0.726671436;-2.540385723;0;-1.595092855;0;26
Mediterranean;Penauta;5;-0.718039884;-0.424657149;-1.127442858;0.142857143;-0.718039884;0;27
Mediterranean;Penauta;6;-0.50082143;-0.34475714;-0.709914293;0.428571429;-0.50082143;0;28
Mediterranean;Penauta;7;-0.415720834;-0.223814285;-0.528857142;0.428571429;-0.415720834;0;29
Mediterranean;Penauta;8;-0.342482738;0.28525715;-0.645257145;0;-0.342482738;0;30
Mediterranean;Penauta;9;-0.025474403;0.764942871;-0.318142861;0.714285714;-0.189376785;0;31
Mediterranean;Penauta;10;-0.37994405;-0.363799998;-0.398800003;1;-0.37994405;0;32
Mediterranean;Penauta;11;-0.427834523;-0.362285716;-0.560828575;0.714285714;-0.427834523;0;33
Mediterranean;Penauta;12;-0.342554164;-0.316628571;-0.350857138;1;-0.342554164;0;34
Mediterranean;Penauta;13;0.02329643;0.969100003;-0.359228571;0.571428571;-0.242883927;0;35
Mediterranean;Penauta;14;0.22116667;1.772642878;-0.518214281;0;-0.250360117;0.471526787;36
Mediterranean;Penauta;15;3.31062799;7.36992865;0.416185714;0.142857143;-0.018309524;3.265116085;37
Mediterranean;Penauta;16;2.021051784;4.936714257;0.512014289;0;0;1.786931545;38
Mediterranean;Penauta;17;5.899322613;11.81594297;1.509257146;0;0;5.899322613;39
Mediterranean;Penauta;18;8.579570835;15.46251433;2.790442893;0;0;8.579570835;40
Mediterranean;Penauta;19;11.82676432;17.75289998;6.856228488;0;0;11.82676432;41
Mediterranean;Penauta;20;11.84699046;16.9454858;7.658814226;0;0;11.84699046;42
Mediterranean;Penauta;21;11.47959346;18.46660001;6.316242865;0;0;11.47959346;43
Mediterranean;Penauta;22;10.31678751;15.61268561;6.261742864;0;0;10.31678751;44
Mediterranean;Penauta;23;13.52121788;19.11747156;8.717657021;0;0;13.52121788;45
Mediterranean;Penauta;24;16.20160472;21.70884296;11.58527129;0;0;16.20160472;46
Mediterranean;Penauta;25;10.91528332;16.46655696;6.714414256;0;0;10.91528332;47
Mediterranean;Penauta;26;14.35396312;21.86042867;7.735699994;0;0;14.35396312;48
Mediterranean;Penauta;27;15.20447223;22.65325737;8.727328641;0;0;15.20447223;49
Mediterranean;Penauta;28;16.94910473;25.63842828;9.354557105;0;0;16.94910473;50
Mediterranean;Penauta;29;19.95703451;29.97698539;11.81678581;0;0;19.95703451;51
Mediterranean;Penauta;30;17.33158746;26.9899856;9.349814415;0;0;17.33158746;52
Mediterranean;Penauta;31;15.44740948;23.5285857;8.892857211;0;0;15.44740948;1
Mediterranean;Penauta;32;20.99925716;31.10061428;12.45728561;0;0;20.99925716;2
Mediterranean;Penauta;33;19.53199764;29.80119978;11.12637152;0;0;19.53199764;3
Mediterranean;Penauta;34;17.046697;25.14089993;11.48671423;0;0;17.046697;4
Mediterranean;Penauta;35;13.5498684;18.98701395;9.214728696;0;0;13.5498684;5
Mediterranean;Penauta;36;12.41607859;17.40591404;8.830985613;0;0;12.41607859;6
Mediterranean;Penauta;37;10.26438576;14.59142849;6.939814363;0;0;10.26438576;7
Mediterranean;Penauta;38;8.254444633;11.41512843;5.970542908;0;0;8.254444633;8
Mediterranean;Penauta;39;9.15795534;13.03221416;6.119171347;0;0;9.15795534;9
Mediterranean;Penauta;40;7.779831538;11.90440001;4.762614284;0;0;7.779831538;10
Mediterranean;Penauta;41;7.398476188;11.61941406;4.117942912;0;0;7.398476188;11
Mediterranean;Penauta;42;7.110445213;10.64124285;4.435685703;0;0;7.110445213;12
Mediterranean;Penauta;43;4.977494048;7.88790008;2.819457157;0;0;4.977494048;13
Mediterranean;Penauta;44;1.94488155;2.537714311;1.507499993;0;0;1.824860717;14
Mediterranean;Penauta;45;2.361189883;4.614714282;0.971642843;0;0;2.361189883;15
Mediterranean;Penauta;46;0.914039876;2.323114276;0.108671419;0;0;0.68968928;16
Mediterranean;Penauta;47;0.388342859;0.532514283;0.2677;0.285714286;0;0;17
Mediterranean;Penauta;48;0.560700001;0.673285719;0.429785713;0.142857143;0;0;18
Mediterranean;Penauta;49;0.543730951;1.188714287;0.120857145;0.285714286;0;0.199904166;19
Mediterranean;Penauta;50;-0.236403572;0.124671432;-0.537242862;0.285714286;-0.289264286;0;20
Mediterranean;Penauta;51;0.020388096;0.378100007;-0.219999996;0.428571429;-0.142938095;0;21
Mediterranean;Penauta;52;1.134736314;2.424200024;0.288242857;0;0;0.989015479;22
Mediterranean;Rabinalto;1;0.078056548;0.33894286;-0.060085713;0.714285714;-0.046044048;0;23
Mediterranean;Rabinalto;2;-1.472789283;-0.673357142;-2.168114273;0.142857143;-1.487491664;0;24
Mediterranean;Rabinalto;3;-2.381377969;-1.37239999;-3.152457135;0;-2.381377969;0;25
Mediterranean;Rabinalto;4;-3.300542861;-1.892900007;-4.340428557;0;-3.300542861;0;26
Mediterranean;Rabinalto;5;-1.455287499;-0.566985714;-2.31605712;0;-1.455287499;0;27
Mediterranean;Rabinalto;6;-0.633737503;-0.062371425;-1.118971441;0.285714286;-0.633737503;0;28
Mediterranean;Rabinalto;7;-0.493523215;-0.227028572;-0.758414294;0.285714286;-0.493523215;0;29
Mediterranean;Rabinalto;8;-0.576441665;0.299114287;-1.318042883;0;-0.576441665;0;30
Mediterranean;Rabinalto;9;-0.176727975;0.282328572;-0.348000003;0.714285714;-0.187860118;0;31
Mediterranean;Rabinalto;10;-0.395014881;-0.323514287;-0.462100004;0.571428571;-0.395014881;0;32
Mediterranean;Rabinalto;11;-0.233285713;-0.20942857;-0.250757141;1;-0.233285713;0;33
Mediterranean;Rabinalto;12;-0.185759523;-0.18492857;-0.189485714;1;-0.185759523;0;34
Mediterranean;Rabinalto;13;-0.400969643;-0.263014284;-0.551685716;0.571428571;-0.400969643;0;35
Mediterranean;Rabinalto;14;-0.167615478;1.267971422;-0.815014288;0.285714286;-0.4037625;0;36
Mediterranean;Rabinalto;15;2.272885116;6.359671496;0.191171429;0.428571429;-0.073080356;2.345965472;37
Mediterranean;Rabinalto;16;2.098306542;4.545785716;0.884342858;0;0;1.762932731;38
Mediterranean;Rabinalto;17;4.460845838;9.017771432;1.573357135;0;0;4.288633339;39
Mediterranean;Rabinalto;18;8.20483334;15.53255722;3.355000053;0;0;8.20483334;40
Mediterranean;Rabinalto;19;12.29921553;19.50402859;7.599928583;0;0;12.29921553;41
Mediterranean;Rabinalto;20;12.27467975;18.2863715;8.288828509;0;0;12.27467975;42
Mediterranean;Rabinalto;21;11.31075119;19.67741435;6.448400055;0;0;11.31075119;43
Mediterranean;Rabinalto;22;11.00504818;16.30700002;7.487114293;0;0;11.00504818;44
Mediterranean;Rabinalto;23;14.32581785;21.03804275;9.708842892;0;0;14.32581785;45
Mediterranean;Rabinalto;24;17.11878036;23.52520017;12.74048574;0;0;17.11878036;46
Mediterranean;Rabinalto;25;11.31087146;16.37437139;8.16267143;0;0;11.31087146;47
Mediterranean;Rabinalto;26;14.82317201;23.38898577;9.111114297;0;0;14.82317201;48
Mediterranean;Rabinalto;27;15.87792661;24.73106229;10.21671253;0;0;15.87792661;49
Mediterranean;Rabinalto;28;17.36785955;27.97068609;10.01150002;0;0;17.36785955;50
Mediterranean;Rabinalto;29;21.04864761;32.62171418;13.40341418;0;0;21.04864761;51
Mediterranean;Rabinalto;30;18.94772618;30.5211713;11.66838578;0;0;18.94772618;52
Mediterranean;Rabinalto;31;15.48528093;23.26897158;10.42294264;0;0;15.48528093;1
Mediterranean;Rabinalto;32;20.10549347;31.66262872;12.54688549;0;0;20.10549347;2
Mediterranean;Rabinalto;33;19.96791188;32.07415717;12.53522859;0;0;19.96791188;3
Mediterranean;Rabinalto;34;18.12546489;27.0630425;12.69522844;0;0;18.12546489;4
Mediterranean;Rabinalto;35;14.46807916;20.26721409;10.67964281;0;0;14.46807916;5
Mediterranean;Rabinalto;36;12.53479225;16.9551145;9.487357072;0;0;12.53479225;6
Mediterranean;Rabinalto;37;10.45523331;14.71195698;7.772214277;0;0;10.45523331;7
Mediterranean;Rabinalto;38;8.632520276;12.07744272;6.508728504;0;0;8.632520276;8
Mediterranean;Rabinalto;39;8.749379734;12.46268559;6.464242799;0;0;8.749379734;9
Mediterranean;Rabinalto;40;7.157677365;11.34195709;4.945200069;0;0;7.157677365;10
Mediterranean;Rabinalto;41;6.604021427;10.77298573;4.267299993;0;0;6.604021427;11
Mediterranean;Rabinalto;42;6.858348196;9.918785775;4.768785681;0;0;6.858348196;12
Mediterranean;Rabinalto;43;4.54958273;7.167771476;3.005471366;0;0;4.54958273;13
Mediterranean;Rabinalto;44;2.031980354;2.546442781;1.714042868;0;0;1.893164877;14
Mediterranean;Rabinalto;45;1.641026787;2.990071416;0.871271441;0;0;1.51848274;15
Mediterranean;Rabinalto;46;0.143642858;0.727514269;-0.251471417;0.142857143;-0.243519641;0.25773869;16
Mediterranean;Rabinalto;47;0.139600595;0.180385714;0.097671429;1;-0.008433333;0;17
Mediterranean;Rabinalto;48;0.404368455;0.492857146;0.328971431;0.428571429;0;0;18
Mediterranean;Rabinalto;49;0.160967857;0.587985699;-0.007242859;0.857142857;-0.024663095;0;19
Mediterranean;Rabinalto;50;-0.701175598;-0.331942854;-1.031728574;0;-0.701175598;0;20
Mediterranean;Rabinalto;51;-0.12851131;0.16738572;-0.329614278;0.571428571;-0.177733333;0;21
Mediterranean;Rabinalto;52;0.418168452;1.022357146;0.032585716;0.571428571;-0.023377381;0.250681547;22
Mediterranean;Solana;1;0.208682736;0.973228539;-0.309657141;0.428571429;-0.183319643;0.386948212;23
Mediterranean;Solana;2;-0.748869045;1.90934282;-2.387057148;0;-1.119205353;0.365147022;24
Mediterranean;Solana;3;-0.71233631;2.035428545;-2.411971416;0;-0.71233631;0;25
Mediterranean;Solana;4;-0.553470238;3.045314227;-2.625357143;0;-0.762619043;0.158664283;26
Mediterranean;Solana;5;1.773421423;7.103542736;-0.491142851;0;0;1.42306785;27
Mediterranean;Solana;6;2.045164883;6.97832857;-0.245571426;0;-0.063344047;1.978032143;28
Mediterranean;Solana;7;0.412517259;3.859257098;-1.35968573;0;-0.509677384;0.901013097;29
Mediterranean;Solana;8;2.656935703;9.751557198;-0.316514277;0;0;2.625714869;30
Mediterranean;Solana;9;1.225541671;3.420571464;0.027557154;0.142857143;-0.071066667;1.255345838;31
Mediterranean;Solana;10;-0.535674407;-0.147214289;-1.214957144;0;-0.535674407;0;32
Mediterranean;Solana;11;-0.073148216;0.909714293;-0.665800003;0.142857143;-0.234698216;0;33
Mediterranean;Solana;12;1.704766674;4.557385767;0.181628573;0.142857143;0;1.643851198;34
Mediterranean;Solana;13;1.091142854;2.96079998;0.026885712;0.142857143;-0.155414881;1.163327973;35
Mediterranean;Solana;14;1.481823816;5.804171392;-0.684728569;0;-0.060711902;1.480700599;36
Mediterranean;Solana;15;5.535235724;13.11119978;1.227971456;0;0;5.467398223;37
Mediterranean;Solana;16;2.451484515;6.536257122;0.570128589;0;0;2.190869634;38
Mediterranean;Solana;17;6.459032118;13.9129997;1.712028612;0;0;6.459032118;39
Mediterranean;Solana;18;11.64653634;23.35788591;3.380928567;0;0;11.64653634;40
Mediterranean;Solana;19;14.53539459;23.99542808;8.255599908;0;0;14.53539459;41
Mediterranean;Solana;20;12.17827262;19.05685725;7.801199913;0;0;12.17827262;42
Mediterranean;Solana;21;13.16367204;24.56032876;6.206114224;0;0;13.16367204;43
Mediterranean;Solana;22;10.27365956;16.90427167;6.488157204;0;0;10.27365956;44
Mediterranean;Solana;23;14.51188034;23.54125704;8.719128472;0;0;14.51188034;45
Mediterranean;Solana;24;17.443572;25.75204263;12.17698567;0;0;17.443572;46
Mediterranean;Solana;25;10.03051015;17.25954301;5.515742915;0;0;10.03051015;47
Mediterranean;Solana;26;15.54877562;27.09505735;7.371442863;0;0;15.54877562;48
Mediterranean;Solana;27;15.56870888;25.2881248;8.894712448;0;0;15.56870888;49
Mediterranean;Solana;28;19.36122668;33.20329939;9.852985722;0;0;19.36122668;50
Mediterranean;Solana;29;21.10901194;34.06145723;12.82124274;0;0;21.10901194;51
Mediterranean;Solana;30;18.58230125;31.55221421;10.11090006;0;0;18.58230125;52
Mediterranean;Solana;31;15.87188926;25.35188566;9.595999855;0;0;15.87188926;1
Mediterranean;Solana;32;22.39655361;35.73171398;13.51622854;0;0;22.39655361;2
Mediterranean;Solana;33;21.67274873;35.98362814;12.47367123;0;0;21.67274873;3
Mediterranean;Solana;34;19.12179109;28.89645685;12.81602846;0;0;19.12179109;4
Mediterranean;Solana;35;15.12535004;22.52322837;10.42932865;0;0;15.12535004;5
Mediterranean;Solana;36;12.63268218;17.84921415;9.002542971;0;0;12.63268218;6
Mediterranean;Solana;37;10.00569763;15.29240036;6.512871368;0;0;10.00569763;7
Mediterranean;Solana;38;8.449745208;12.80908557;5.718414204;0;0;8.449745208;8
Mediterranean;Solana;39;9.897852996;16.58920002;6.199114357;0;0;9.897852996;9
Mediterranean;Solana;40;9.634347589;17.32378565;5.230957167;0;0;9.634347589;10
Mediterranean;Solana;41;10.24344227;18.70551436;5.667800018;0;0;10.24344227;11
Mediterranean;Solana;42;8.477809532;15.0198431;4.774785791;0;0;8.477809532;12
Mediterranean;Solana;43;5.957163693;10.68721431;2.900385669;0;0;5.957163693;13
Mediterranean;Solana;44;1.424899998;2.014857088;0.996528574;0;0;1.331054165;14
Mediterranean;Solana;45;2.47949702;6.279799938;0.850771417;0;0;2.47949702;15
Mediterranean;Solana;46;2.551376181;7.995714187;0.306757142;0;0;2.551376181;16
Mediterranean;Solana;47;0.773976785;0.930128583;0.637871431;0;0;0.161696428;17
Mediterranean;Solana;48;0.535886314;0.5448;0.525714287;0.142857143;0;0;18
Mediterranean;Solana;49;0.405409526;0.415071432;0.393714283;1;0;0;19
Mediterranean;Solana;50;0.374857736;0.385314286;0.366242856;1;0;0;20
Mediterranean;Solana;51;0.358428571;0.367014285;0.347942859;1;0;0;21
Mediterranean;Solana;52;1.870830944;4.384342866;0.533328567;0.142857143;0;1.756230348;22
