species;code;incubator;petridish;total;viable;viablePER;seeds_germ;germPER;Mid_nov;Winter_germ;spring_germ;summer_germ;Mid_june;Mid_sep;datesow;datelast;t50lm;date50;HS;coldstratgerm;Uncertainty
Agrostis tileni;250821-06;Fellfield;2;22;2;9.09;2;100;0;0;100;0;100;0;20/09/2021;25/04/2022;213.5;20/04/2022;496.5;100;0
Agrostis tileni;250821-06;Fellfield;3;22;5;22.73;5;100;0;0;100;0;100;0;20/09/2021;02/05/2022;214.375;21/04/2022;501;100;0.721
Agrostis tileni;250821-06;Fellfield;4;22;2;9.09;2;100;0;0;100;0;100;0;20/09/2021;30/05/2022;248.5;25/05/2022;744;100;0
Agrostis tileni;250821-06;Snowbed;1;25;1;4;1;100;0;0;100;0;0;100;20/09/2021;23/06/2022;272;18/06/2022;410;100;0
Agrostis tileni;250821-06;Snowbed;3;25;1;4;1;100;0;0;0;0;0;100;20/09/2021;19/09/2022;361;15/09/2022;1634.5;100;0
Agrostis tileni;250821-06;Snowbed;4;25;3;12;3;100;0;0;100;0;0;100;20/09/2021;23/06/2022;272;18/06/2022;410;100;0
Androsace villosa;300821-03;Fellfield;1;25;24;96;0;0;0;0;0;0;0;0;21/09/2021;19/09/2022;NA;NA;NA;0;0
Androsace villosa;300821-03;Fellfield;2;25;25;100;0;0;0;0;0;0;0;0;21/09/2021;19/09/2022;NA;NA;NA;0;0
Androsace villosa;300821-03;Fellfield;3;25;25;100;0;0;0;0;0;0;0;0;21/09/2021;19/09/2022;NA;NA;NA;0;0
Androsace villosa;300821-03;Fellfield;4;25;24;96;0;0;0;0;0;0;0;0;21/09/2021;19/09/2022;NA;NA;NA;0;0
Androsace villosa;300821-03;Snowbed;1;25;25;100;0;0;0;0;0;0;0;0;21/09/2021;19/09/2022;NA;NA;NA;0;0
Androsace villosa;300821-03;Snowbed;2;25;24;96;0;0;0;0;0;0;0;0;21/09/2021;19/09/2022;NA;NA;NA;0;0
Androsace villosa;300821-03;Snowbed;3;25;25;100;0;0;0;0;0;0;0;0;21/09/2021;19/09/2022;NA;NA;NA;0;0
Androsace villosa;300821-03;Snowbed;4;25;25;100;0;0;0;0;0;0;0;0;21/09/2021;19/09/2022;NA;NA;NA;0;0
Androsace villosa;310821-11;Fellfield;1;25;23;92;0;0;0;0;0;0;0;0;24/09/2021;19/09/2022;NA;NA;NA;0;0
Androsace villosa;310821-11;Fellfield;2;25;22;88;0;0;0;0;0;0;0;0;24/09/2021;19/09/2022;NA;NA;NA;0;0
Androsace villosa;310821-11;Fellfield;3;25;22;88;0;0;0;0;0;0;0;0;24/09/2021;19/09/2022;NA;NA;NA;0;0
Androsace villosa;310821-11;Fellfield;4;25;23;92;0;0;0;0;0;0;0;0;24/09/2021;19/09/2022;NA;NA;NA;0;0
Androsace villosa;310821-11;Snowbed;1;25;22;88;1;4.55;0;0;0;4.55;0;4.55;24/09/2021;19/09/2022;NA;NA;NA;100;0
Androsace villosa;310821-11;Snowbed;2;25;22;88;0;0;0;0;0;0;0;0;24/09/2021;19/09/2022;NA;NA;NA;0;0
Androsace villosa;310821-11;Snowbed;3;25;22;88;1;4.55;0;0;0;4.55;0;4.55;24/09/2021;19/09/2022;NA;NA;NA;100;0
Androsace villosa;310821-11;Snowbed;4;25;21;84;0;0;0;0;0;0;0;0;24/09/2021;19/09/2022;NA;NA;NA;0;0
Anthyllis vulneraria;300821-04;Fellfield;1;25;3;12;0;0;0;0;0;0;0;0;21/09/2021;19/09/2022;NA;NA;NA;0;0
Anthyllis vulneraria;300821-04;Fellfield;2;25;3;12;0;0;0;0;0;0;0;0;21/09/2021;19/09/2022;NA;NA;NA;0;0
Anthyllis vulneraria;300821-04;Fellfield;3;25;4;16;0;0;0;0;0;0;0;0;21/09/2021;19/09/2022;NA;NA;NA;0;0
Anthyllis vulneraria;300821-04;Fellfield;4;25;3;12;1;33.33;33.33;0;0;0;0;0;21/09/2021;19/09/2022;NA;NA;NA;0;0
Anthyllis vulneraria;300821-04;Snowbed;1;25;7;28;0;0;0;0;0;0;0;0;21/09/2021;19/09/2022;NA;NA;NA;0;0
Anthyllis vulneraria;300821-04;Snowbed;2;25;8;32;1;12.5;12.5;0;0;0;0;0;21/09/2021;19/09/2022;NA;NA;NA;0;0
Anthyllis vulneraria;300821-04;Snowbed;3;25;13;52;1;7.69;7.69;0;0;0;0;0;21/09/2021;19/09/2022;NA;NA;NA;0;0
Anthyllis vulneraria;300821-04;Snowbed;4;25;7;28;0;0;0;0;0;0;0;0;21/09/2021;19/09/2022;NA;NA;NA;0;0
Anthyllis vulneraria;310821-12;Fellfield;1;25;7;28;0;0;0;0;0;0;0;0;24/09/2021;19/09/2022;NA;NA;NA;0;0
Anthyllis vulneraria;310821-12;Fellfield;2;25;6;24;0;0;0;0;0;0;0;0;24/09/2021;19/09/2022;NA;NA;NA;0;0
Anthyllis vulneraria;310821-12;Fellfield;3;25;6;24;0;0;0;0;0;0;0;0;24/09/2021;19/09/2022;NA;NA;NA;0;0
Anthyllis vulneraria;310821-12;Fellfield;4;25;5;20;2;40;20;0;0;20;0;20;24/09/2021;19/09/2022;NA;NA;NA;50;1
Anthyllis vulneraria;310821-12;Snowbed;1;25;14;56;0;0;0;0;0;0;0;0;24/09/2021;19/09/2022;NA;NA;NA;0;0
Anthyllis vulneraria;310821-12;Snowbed;2;25;5;20;0;0;0;0;0;0;0;0;24/09/2021;19/09/2022;NA;NA;NA;0;0
Anthyllis vulneraria;310821-12;Snowbed;3;25;11;44;0;0;0;0;0;0;0;0;24/09/2021;19/09/2022;NA;NA;NA;0;0
Anthyllis vulneraria;310821-12;Snowbed;4;25;10;40;0;0;0;0;0;0;0;0;24/09/2021;19/09/2022;NA;NA;NA;0;0
Arenaria erinacea;300821-08;Fellfield;1;25;25;100;7;28;28;0;0;0;0;0;24/09/2021;19/09/2022;NA;NA;NA;0;0.985
Arenaria erinacea;300821-08;Fellfield;2;25;24;96;6;25;25;0;0;0;0;0;24/09/2021;19/09/2022;NA;NA;NA;0;1.459
Arenaria erinacea;300821-08;Fellfield;3;24;23;95.83;5;21.74;21.74;0;0;0;0;0;24/09/2021;19/09/2022;NA;NA;NA;0;0.971
Arenaria erinacea;300821-08;Fellfield;4;25;25;100;4;16;16;0;0;0;0;0;24/09/2021;19/09/2022;NA;NA;NA;0;1
Arenaria erinacea;300821-08;Snowbed;1;25;24;96;0;0;0;0;0;0;0;0;24/09/2021;19/09/2022;NA;NA;NA;0;0
Arenaria erinacea;300821-08;Snowbed;2;25;25;100;1;4;0;0;0;4;0;4;24/09/2021;19/09/2022;NA;NA;NA;100;0
Arenaria erinacea;300821-08;Snowbed;3;25;25;100;1;4;4;0;0;0;0;0;24/09/2021;19/09/2022;NA;NA;NA;0;0
Arenaria erinacea;300821-08;Snowbed;4;25;23;92;1;4.35;4.35;0;0;0;0;0;24/09/2021;19/09/2022;NA;NA;NA;0;0
Arenaria moehringioides;140921-02;Fellfield;1;20;19;95;9;47.37;0;0;36.84;10.53;42.11;5.26;06/10/2021;19/09/2022;NA;NA;NA;100;2.503
Arenaria moehringioides;140921-02;Fellfield;2;20;18;90;9;50;0;0;38.89;11.11;38.89;11.11;06/10/2021;19/09/2022;272;04/07/2022;1076.5;100;2.059
Arenaria moehringioides;140921-02;Fellfield;3;20;15;75;6;40;13.33;0;26.67;0;26.67;0;06/10/2021;19/09/2022;NA;NA;NA;66.68;1.918
Arenaria moehringioides;140921-02;Snowbed;1;20;14;70;6;42.86;0;21.43;7.14;21.43;0;21.43;06/10/2021;19/09/2022;NA;NA;NA;100;1.792
Arenaria moehringioides;140921-02;Snowbed;2;20;16;80;3;18.75;0;12.5;6.25;6.25;0;6.25;06/10/2021;19/09/2022;NA;NA;NA;100;0.918
Arenaria moehringioides;140921-02;Snowbed;3;20;14;70;7;50;0;21.43;7.14;28.57;0;28.57;06/10/2021;19/09/2022;294;26/07/2022;783.5;100;2.522
Armeria cantabrica;130921-15;Fellfield;1;25;21;84;17;80.95;4.76;0;9.52;61.9;19.05;57.14;05/10/2021;19/09/2022;281.1666667;12/07/2022;1223.5;94.12;3.293
Armeria cantabrica;130921-15;Fellfield;2;21;17;80.95;17;100;0;0;29.41;58.82;29.41;70.59;18/10/2021;19/09/2022;241.8;15/06/2022;674.5;100;1.736
Armeria cantabrica;130921-15;Fellfield;3;22;17;77.27;17;100;0;0;58.82;70.59;70.59;29.41;18/10/2021;15/08/2022;222.9;27/05/2022;452.5;100;2.89
Armeria cantabrica;130921-15;Fellfield;4;23;16;69.57;15;93.75;0;0;25;75;31.25;62.5;18/10/2021;19/09/2022;261.75;05/07/2022;972;100;2.923
Armeria cantabrica;130921-15;Snowbed;1;25;23;92;22;95.65;0;34.78;4.35;43.48;4.35;56.52;05/10/2021;19/09/2022;273.8333333;04/07/2022;468.5;100;2.607
Armeria cantabrica;130921-15;Snowbed;2;24;19;79.17;19;100;0;0;5.26;89.47;0;100;18/10/2021;13/09/2022;285;29/07/2022;753;100;2.866
Armeria cantabrica;130921-15;Snowbed;3;23;19;82.61;16;84.21;0;5.26;0;78.95;0;78.95;18/10/2021;19/09/2022;280.25;24/07/2022;675.5;100;2.656
Armeria cantabrica;130921-15;Snowbed;4;25;17;68;17;100;0;17.65;17.65;76.47;0;82.35;18/10/2021;13/09/2022;256.9444444;30/06/2022;335;100;2.012
Armeria cantabrica;140921-07;Fellfield;1;11;4;36.36;4;100;0;0;75;25;75;25;08/10/2021;19/07/2022;224.5;19/05/2022;473.5;100;1.5
Armeria cantabrica;140921-07;Snowbed;1;11;3;27.27;3;100;0;0;0;100;0;100;08/10/2021;27/07/2022;282;16/07/2022;618.5;100;1.585
Armeria duriaei;240821-01;Fellfield;1;25;22;88;22;100;100;0;0;0;0;0;10/09/2021;05/11/2021;8.105263158;17/09/2021;118;0;0.7
Armeria duriaei;240821-01;Fellfield;2;25;22;88;22;100;100;0;0;0;0;0;10/09/2021;18/10/2021;7.7;16/09/2021;104;0;0.439
Armeria duriaei;240821-01;Fellfield;3;25;24;96;24;100;100;0;0;0;0;0;10/09/2021;18/10/2021;7.304347826;16/09/2021;104;0;0.25
Armeria duriaei;240821-01;Fellfield;4;25;20;80;20;100;100;0;0;0;0;0;10/09/2021;24/09/2021;7;16/09/2021;104;0;0
Armeria duriaei;240821-01;Snowbed;1;25;21;84;20;95.24;80.95;0;0;9.52;0;14.29;10/09/2021;19/09/2022;25;04/10/2021;231.5;15;1.59
Armeria duriaei;240821-01;Snowbed;2;25;22;88;22;100;90.91;0;0;0;0;9.09;10/09/2021;19/09/2022;11.84615385;20/09/2021;121;9.09;1.477
Armeria duriaei;240821-01;Snowbed;3;25;23;92;23;100;100;0;0;0;0;0;10/09/2021;18/10/2021;7.318181818;16/09/2021;81;0;0.258
Armeria duriaei;240821-01;Snowbed;4;25;22;88;22;100;100;0;0;0;0;0;10/09/2021;18/10/2021;7.333333333;16/09/2021;81;0;0.267
Armeria duriaei;250821-01;Fellfield;1;25;19;76;19;100;100;0;0;0;0;0;17/09/2021;19/10/2021;7.6;23/09/2021;92;0;0.742
Armeria duriaei;250821-01;Fellfield;2;25;20;80;20;100;100;0;0;0;0;0;17/09/2021;19/10/2021;6.315789474;22/09/2021;79.5;0;0.286
Armeria duriaei;250821-01;Fellfield;3;24;20;83.33;20;100;95;0;0;5;0;5;17/09/2021;08/08/2022;6.666666667;22/09/2021;79.5;5;0.569
Armeria duriaei;250821-01;Fellfield;4;25;23;92;23;100;100;0;0;0;0;0;17/09/2021;19/10/2021;7.666666667;23/09/2021;92;0;0.755
Armeria duriaei;250821-01;Snowbed;1;25;18;72;17;94.44;77.78;11.11;0;5.56;0;5.56;17/09/2021;19/09/2022;28.36363636;14/10/2021;216.5;17.64;1.452
Armeria duriaei;250821-01;Snowbed;2;24;20;83.33;20;100;95;0;0;0;0;5;17/09/2021;19/09/2022;7.5;23/09/2021;65.5;5;0.884
Armeria duriaei;250821-01;Snowbed;3;25;23;92;23;100;100;0;0;0;0;0;17/09/2021;19/10/2021;16.66666667;02/10/2021;136;0;0.932
Armeria duriaei;250821-01;Snowbed;4;25;23;92;23;100;100;0;0;0;0;0;17/09/2021;19/10/2021;17.625;03/10/2021;143.5;0;0.887
Carex sempervirens;130921-02;Fellfield;1;25;20;80;20;100;0;0;20;80;85;15;28/09/2021;04/07/2022;248.2;02/06/2022;729;100;1.923
Carex sempervirens;130921-02;Fellfield;2;25;20;80;20;100;0;0;50;50;95;5;28/09/2021;21/06/2022;237;22/05/2022;615;100;1.461
Carex sempervirens;130921-02;Fellfield;3;25;14;56;13;92.86;0;0;28.57;64.29;92.86;0;28/09/2021;19/09/2022;246.3333333;31/05/2022;707;100;0.89
Carex sempervirens;130921-02;Fellfield;4;24;12;50;12;100;0;0;58.33;41.67;83.33;16.67;28/09/2021;11/07/2022;236;21/05/2022;605.5;100;1.551
Carex sempervirens;130921-02;Snowbed;1;25;21;84;21;100;0;0;0;100;0;100;28/09/2021;27/07/2022;279.9;03/07/2022;507;100;1.28
Carex sempervirens;130921-02;Snowbed;2;25;20;80;20;100;0;0;0;100;0;100;28/09/2021;20/07/2022;282;06/07/2022;547.5;100;1.361
Carex sempervirens;130921-02;Snowbed;3;23;20;86.96;20;100;0;0;0;100;0;100;28/09/2021;20/07/2022;284.8;08/07/2022;574.5;100;0.992
Carex sempervirens;130921-02;Snowbed;4;17;12;70.59;11;91.67;0;0;0;91.67;0;91.67;28/09/2021;19/09/2022;281;05/07/2022;534;100;1.241
Carex sempervirens;310821-13;Fellfield;1;25;24;96;24;100;0;0;41.67;58.33;83.33;16.67;24/09/2021;04/07/2022;250;31/05/2022;756;100;2.517
Carex sempervirens;310821-13;Fellfield;2;25;22;88;22;100;0;0;54.55;45.45;95.45;4.55;24/09/2021;21/06/2022;246.8333333;27/05/2022;714;100;2.065
Carex sempervirens;310821-13;Fellfield;3;25;25;100;25;100;0;0;48;52;96;4;24/09/2021;21/06/2022;248.5833333;29/05/2022;734;100;2.072
Carex sempervirens;310821-13;Fellfield;4;25;19;76;19;100;0;0;57.89;42.11;100;0;24/09/2021;06/06/2022;245.9;26/05/2022;704;100;1.557
Carex sempervirens;310821-13;Snowbed;1;25;23;92;23;100;0;0;0;100;0;100;24/09/2021;13/07/2022;281.8333333;01/07/2022;516;100;0.426
Carex sempervirens;310821-13;Snowbed;2;25;18;72;18;100;0;0;0;100;0;100;24/09/2021;20/07/2022;290;10/07/2022;634.5;100;1.542
Carex sempervirens;310821-13;Snowbed;3;25;25;100;25;100;0;0;0;100;0;100;24/09/2021;20/07/2022;281.9772727;01/07/2022;516;100;0.064
Carex sempervirens;310821-13;Snowbed;4;24;20;83.33;20;100;0;0;0;100;0;100;24/09/2021;20/07/2022;281.6842105;01/07/2022;516;100;0.286
Cerastium sp;150721-05;Fellfield;1;25;25;100;6;24;24;0;0;0;0;0;30/07/2021;19/09/2022;NA;NA;NA;0;0
Cerastium sp;150721-05;Fellfield;2;25;21;84;3;14.29;14.29;0;0;0;0;0;30/07/2021;19/09/2022;NA;NA;NA;0;0
Cerastium sp;150721-05;Fellfield;3;25;24;96;3;12.5;12.5;0;0;0;0;0;30/07/2021;19/09/2022;NA;NA;NA;0;0
Cerastium sp;150721-05;Fellfield;4;25;25;100;8;32;32;0;0;0;0;0;30/07/2021;19/09/2022;NA;NA;NA;0;0
Cerastium sp;150721-05;Snowbed;1;25;25;100;5;20;20;0;0;0;0;0;30/07/2021;19/09/2022;NA;NA;NA;0;0
Cerastium sp;150721-05;Snowbed;2;25;25;100;5;20;20;0;0;0;0;0;30/07/2021;19/09/2022;NA;NA;NA;0;0.971
Cerastium sp;150721-05;Snowbed;3;25;25;100;4;16;16;0;0;0;0;0;30/07/2021;19/09/2022;NA;NA;NA;0;0
Cerastium sp;150721-05;Snowbed;4;25;23;92;6;26.09;26.09;0;0;0;0;0;30/07/2021;19/09/2022;NA;NA;NA;0;1
Cerastium sp;280721-02;Fellfield;1;25;24;96;20;83.33;83.33;0;0;0;0;0;30/07/2021;19/09/2022;54.53333333;21/09/2021;881;0;0.811
Cerastium sp;280721-02;Fellfield;2;25;24;96;19;79.17;75;0;0;0;0;4.17;30/07/2021;19/09/2022;41;08/09/2021;694;5.27;1.167
Cerastium sp;280721-02;Fellfield;3;25;22;88;17;77.27;77.27;0;0;0;0;0;30/07/2021;19/09/2022;45.14285714;12/09/2021;758;0;0.977
Cerastium sp;280721-02;Fellfield;4;25;18;72;18;100;100;0;0;0;0;0;30/07/2021;08/10/2021;54.64705882;21/09/2021;881;0;0.31
Cerastium sp;280721-02;Snowbed;1;25;23;92;17;73.91;73.91;0;0;0;0;0;30/07/2021;19/09/2022;52.27777778;19/09/2021;810.5;0;0.998
Cerastium sp;280721-02;Snowbed;2;25;20;80;20;100;100;0;0;0;0;0;30/07/2021;08/10/2021;43.63636364;10/09/2021;711;0;0.993
Cerastium sp;280721-02;Snowbed;3;25;24;96;20;83.33;83.33;0;0;0;0;0;30/07/2021;19/09/2022;46.8;13/09/2021;747.5;0;1
Cerastium sp;280721-02;Snowbed;4;25;19;76;18;94.74;94.74;0;0;0;0;0;30/07/2021;19/09/2022;49.45833333;16/09/2021;779;0;0.918
Conopodium majus;240821-03;Fellfield;1;25;6;24;5;83.33;0;33.33;50;0;50;0;10/09/2021;19/09/2022;216.5;13/04/2022;615;100;1.522
Conopodium majus;240821-03;Fellfield;2;25;6;24;6;100;0;50;50;0;50;0;10/09/2021;25/04/2022;213;10/04/2022;604.5;100;1.459
Conopodium majus;240821-03;Fellfield;3;25;12;48;12;100;0;83.33;16.67;0;16.67;0;10/09/2021;02/05/2022;210.2;07/04/2022;597;100;0.817
Conopodium majus;240821-03;Fellfield;4;24;4;16.67;4;100;0;75;25;0;25;0;10/09/2021;18/04/2022;210.6666667;07/04/2022;597;100;0.811
Conopodium majus;240821-03;Snowbed;1;25;10;40;10;100;0;100;0;0;0;0;10/09/2021;11/05/2022;242.5;09/05/2022;406.5;100;0
Conopodium majus;240821-03;Snowbed;2;25;12;48;12;100;0;100;0;0;0;0;10/09/2021;11/05/2022;242.5;09/05/2022;406.5;100;0
Conopodium majus;240821-03;Snowbed;3;25;16;64;16;100;0;100;0;0;0;0;10/09/2021;11/05/2022;242.5;09/05/2022;406.5;100;0
Conopodium majus;240821-03;Snowbed;4;25;15;60;15;100;0;93.33;6.67;0;0;6.67;10/09/2021;23/06/2022;242.5357143;09/05/2022;406.5;100;0.353
Conopodium majus;250821-04;Fellfield;1;25;12;48;12;100;0;100;0;0;0;0;17/09/2021;11/04/2022;202.5;06/04/2022;490.5;100;0
Conopodium majus;250821-04;Fellfield;2;25;12;48;12;100;0;100;0;0;0;0;17/09/2021;11/04/2022;202.5;06/04/2022;490.5;100;0
Conopodium majus;250821-04;Fellfield;3;25;15;60;15;100;0;100;0;0;0;0;17/09/2021;11/04/2022;202.5;06/04/2022;490.5;100;0
Conopodium majus;250821-04;Fellfield;4;25;17;68;17;100;0;88.24;11.76;0;11.76;0;17/09/2021;30/05/2022;202.9666667;06/04/2022;490.5;100;0.64
Conopodium majus;250821-04;Snowbed;1;25;16;64;15;93.75;0;93.75;0;0;0;0;17/09/2021;19/09/2022;235.5333333;09/05/2022;325.5;100;0
Conopodium majus;250821-04;Snowbed;2;25;18;72;18;100;0;100;0;0;0;0;17/09/2021;11/05/2022;235.5;09/05/2022;325.5;100;0
Conopodium majus;250821-04;Snowbed;3;25;16;64;16;100;0;100;0;0;0;0;17/09/2021;11/05/2022;235.5;09/05/2022;325.5;100;0
Conopodium majus;250821-04;Snowbed;4;25;14;56;14;100;0;100;0;0;0;0;17/09/2021;11/05/2022;235.5;09/05/2022;325.5;100;0
Dethawia splendens;310821-07;Fellfield;1;20;13;65;11;84.62;0;0;84.62;0;84.62;0;24/09/2021;19/09/2022;225.25;06/05/2022;526;100;1.868
Dethawia splendens;310821-07;Fellfield;2;20;17;85;17;100;0;11.76;88.24;0;88.24;0;24/09/2021;16/05/2022;210.375;21/04/2022;451;100;2.278
Dethawia splendens;310821-07;Fellfield;3;19;14;73.68;14;100;0;7.14;92.86;0;92.86;0;24/09/2021;16/05/2022;208;19/04/2022;442;100;1.832
Dethawia splendens;310821-07;Fellfield;4;20;15;75;14;93.33;0;13.33;80;0;80;0;24/09/2021;19/09/2022;208.1;19/04/2022;442;100;2.121
Dethawia splendens;310821-07;Snowbed;1;19;12;63.16;12;100;0;100;0;0;0;0;24/09/2021;18/05/2022;228.6;09/05/2022;260;100;0.65
Dethawia splendens;310821-07;Snowbed;2;18;13;72.22;13;100;0;100;0;0;0;0;24/09/2021;18/05/2022;228.5909091;09/05/2022;260;100;0.619
Dethawia splendens;310821-07;Snowbed;3;20;14;70;14;100;0;100;0;0;0;0;24/09/2021;18/05/2022;228.5384615;09/05/2022;260;100;0.371
Dethawia splendens;310821-07;Snowbed;4;19;10;52.63;10;100;0;60;40;0;30;10;24/09/2021;29/06/2022;236;17/05/2022;261;100;2.446
Dianthus langeanus;110821-01;Fellfield;1;25;25;100;25;100;96;0;4;0;4;0;03/09/2021;18/04/2022;5;07/09/2021;83;4;1.159
Dianthus langeanus;110821-01;Fellfield;2;25;24;96;24;100;100;0;0;0;0;0;03/09/2021;05/11/2021;3.130434783;05/09/2021;51;0;0.25
Dianthus langeanus;110821-01;Fellfield;3;25;25;100;25;100;100;0;0;0;0;0;03/09/2021;08/10/2021;3.125;05/09/2021;51;0;0.242
Dianthus langeanus;110821-01;Fellfield;4;25;25;100;25;100;100;0;0;0;0;0;03/09/2021;08/10/2021;3.571428571;05/09/2021;51;0;0.634
Dianthus langeanus;110821-01;Snowbed;1;25;25;100;25;100;100;0;0;0;0;0;03/09/2021;08/10/2021;3.125;05/09/2021;51;0;0.242
Dianthus langeanus;110821-01;Snowbed;2;25;23;92;23;100;100;0;0;0;0;0;03/09/2021;08/10/2021;3.833333333;05/09/2021;51;0;0.755
Dianthus langeanus;110821-01;Snowbed;3;25;22;88;22;100;100;0;0;0;0;0;03/09/2021;09/09/2021;3;05/09/2021;51;0;0
Dianthus langeanus;110821-01;Snowbed;4;25;25;100;25;100;100;0;0;0;0;0;03/09/2021;08/10/2021;3.125;05/09/2021;51;0;0.242
Dianthus langeanus;120821-02;Fellfield;1;25;25;100;25;100;100;0;0;0;0;0;03/09/2021;05/11/2021;4.6875;06/09/2021;67;0;1.124
Dianthus langeanus;120821-02;Fellfield;2;25;24;96;24;100;100;0;0;0;0;0;03/09/2021;05/11/2021;3.789473684;05/09/2021;51;0;0.89
Dianthus langeanus;120821-02;Fellfield;3;25;25;100;25;100;100;0;0;0;0;0;03/09/2021;08/10/2021;3.125;05/09/2021;51;0;0.242
Dianthus langeanus;120821-02;Fellfield;4;25;25;100;25;100;100;0;0;0;0;0;03/09/2021;08/10/2021;3.260869565;05/09/2021;51;0;0.402
Dianthus langeanus;120821-02;Snowbed;1;25;24;96;24;100;87.5;12.5;0;0;0;0;03/09/2021;18/05/2022;17.6;19/09/2021;215.5;12.5;1.919
Dianthus langeanus;120821-02;Snowbed;2;25;25;100;25;100;100;0;0;0;0;0;03/09/2021;08/10/2021;3.571428571;05/09/2021;51;0;0.634
Dianthus langeanus;120821-02;Snowbed;3;25;25;100;25;100;92;8;0;0;0;0;03/09/2021;11/05/2022;5;07/09/2021;77;8;1.26
Dianthus langeanus;120821-02;Snowbed;4;25;23;92;23;100;100;0;0;0;0;0;03/09/2021;08/10/2021;3.833333333;05/09/2021;51;0;0.755
Erigeron alpinus;310821-15;Fellfield;1;25;24;96;24;100;0;0;100;0;100;0;28/09/2021;23/05/2022;223;08/05/2022;489;100;1.406
Erigeron alpinus;310821-15;Fellfield;2;25;25;100;25;100;0;0;100;0;100;0;28/09/2021;16/05/2022;213.5;28/04/2022;433.5;100;2.016
Erigeron alpinus;310821-15;Fellfield;3;25;25;100;25;100;0;0;100;0;100;0;28/09/2021;23/05/2022;221.25;06/05/2022;477;100;2.148
Erigeron alpinus;310821-15;Fellfield;4;25;24;96;24;100;0;0;100;0;100;0;28/09/2021;23/05/2022;221.25;06/05/2022;477;100;1.807
Erigeron alpinus;310821-15;Snowbed;1;25;25;100;25;100;0;8;80;12;16;76;28/09/2021;06/07/2022;265.2;19/06/2022;349.5;100;2.104
Erigeron alpinus;310821-15;Snowbed;2;25;24;96;24;100;0;0;95.83;4.17;25;75;28/09/2021;06/07/2022;262.8235294;16/06/2022;330;100;1.206
Erigeron alpinus;310821-15;Snowbed;3;25;25;100;25;100;0;4;92;4;44;52;28/09/2021;13/07/2022;260.4;14/06/2022;317;100;1.713
Erigeron alpinus;310821-15;Snowbed;4;25;25;100;25;100;0;0;100;0;68;32;28/09/2021;23/06/2022;258.1470588;12/06/2022;304;100;0.904
Euphrasia salisburgensis;011021-01;Fellfield;1;25;25;100;0;0;0;0;0;0;0;0;13/10/2021;19/09/2022;NA;NA;NA;0;0
Euphrasia salisburgensis;011021-01;Fellfield;2;25;25;100;1;4;0;0;4;0;4;0;13/10/2021;19/09/2022;NA;NA;NA;100;0
Euphrasia salisburgensis;011021-01;Fellfield;3;25;25;100;0;0;0;0;0;0;0;0;13/10/2021;19/09/2022;NA;NA;NA;0;0
Euphrasia salisburgensis;011021-01;Fellfield;4;25;25;100;0;0;0;0;0;0;0;0;13/10/2021;19/09/2022;NA;NA;NA;0;0
Euphrasia salisburgensis;011021-01;Snowbed;1;25;25;100;1;4;0;4;0;0;0;0;13/10/2021;19/09/2022;NA;NA;NA;100;0
Euphrasia salisburgensis;011021-01;Snowbed;2;25;25;100;0;0;0;0;0;0;0;0;13/10/2021;19/09/2022;NA;NA;NA;0;0
Euphrasia salisburgensis;011021-01;Snowbed;3;25;25;100;0;0;0;0;0;0;0;0;13/10/2021;19/09/2022;NA;NA;NA;0;0
Euphrasia salisburgensis;011021-01;Snowbed;4;25;25;100;0;0;0;0;0;0;0;0;13/10/2021;19/09/2022;NA;NA;NA;0;0
Euphrasia salisburgensis;300921-01;Fellfield;1;25;24;96;0;0;0;0;0;0;0;0;13/10/2021;19/09/2022;NA;NA;NA;0;0
Euphrasia salisburgensis;300921-01;Fellfield;2;25;25;100;1;4;0;0;0;0;0;4;13/10/2021;19/09/2022;NA;NA;NA;100;0
Euphrasia salisburgensis;300921-01;Fellfield;3;25;24;96;1;4.17;0;0;0;0;0;4.17;13/10/2021;19/09/2022;NA;NA;NA;100;0
Euphrasia salisburgensis;300921-01;Fellfield;4;25;23;92;0;0;0;0;0;0;0;0;13/10/2021;19/09/2022;NA;NA;NA;0;0
Euphrasia salisburgensis;300921-01;Snowbed;1;25;24;96;0;0;0;0;0;0;0;0;13/10/2021;19/09/2022;NA;NA;NA;0;0
Euphrasia salisburgensis;300921-01;Snowbed;2;25;25;100;0;0;0;0;0;0;0;0;13/10/2021;19/09/2022;NA;NA;NA;0;0
Euphrasia salisburgensis;300921-01;Snowbed;3;25;25;100;0;0;0;0;0;0;0;0;13/10/2021;19/09/2022;NA;NA;NA;0;0
Euphrasia salisburgensis;300921-01;Snowbed;4;25;25;100;0;0;0;0;0;0;0;0;13/10/2021;19/09/2022;NA;NA;NA;0;0
Festuca hystrix;130921-16;Fellfield;1;20;17;85;17;100;94.12;0;5.88;5.88;5.88;0;06/10/2021;31/05/2022;19.52083333;24/10/2021;174;5.88;0.64
Festuca hystrix;130921-16;Snowbed;1;20;19;95;14;73.68;42.11;15.79;0;15.79;0;15.79;06/10/2021;19/09/2022;217;10/05/2022;168;42.85;1.753
Festuca hystrix;300821-01;Fellfield;1;14;8;57.14;8;100;100;0;0;0;0;0;21/09/2021;26/10/2021;10.66666667;30/09/2021;121;0;0.811
Festuca hystrix;300821-01;Snowbed;1;14;4;28.57;4;100;100;0;0;0;0;0;21/09/2021;08/11/2021;28.66666667;18/10/2021;199;0;0.811
Festuca rubra;310821-02;Fellfield;1;25;1;4;1;100;0;0;100;0;100;0;22/09/2021;23/05/2022;239.5;18/05/2022;651;100;0
Festuca summilusitana;240821-02;Fellfield;1;25;17;68;17;100;100;0;0;0;0;0;15/09/2021;19/10/2021;15.11111111;29/09/2021;192;0;0.998
Festuca summilusitana;240821-02;Fellfield;2;25;17;68;17;100;100;0;0;0;0;0;15/09/2021;08/11/2021;10.81818182;24/09/2021;132.5;0;1.166
Festuca summilusitana;240821-02;Fellfield;3;25;15;60;15;100;100;0;0;0;0;0;15/09/2021;19/10/2021;11.66666667;25/09/2021;145;0;0.971
Festuca summilusitana;240821-02;Fellfield;4;25;10;40;10;100;100;0;0;0;0;0;15/09/2021;19/10/2021;19.71428571;03/10/2021;238;0;0.881
Festuca summilusitana;240821-02;Snowbed;1;25;14;56;14;100;100;0;0;0;0;0;15/09/2021;08/11/2021;24.76923077;08/10/2021;199.5;0;0.371
Festuca summilusitana;240821-02;Snowbed;2;24;16;66.67;16;100;93.75;6.25;0;0;0;0;15/09/2021;11/05/2022;24.76923077;08/10/2021;199.5;6.25;0.993
Festuca summilusitana;240821-02;Snowbed;3;25;11;44;11;100;100;0;0;0;0;0;15/09/2021;08/11/2021;16;30/09/2021;142;0;1.346
Festuca summilusitana;240821-02;Snowbed;4;25;18;72;18;100;100;0;0;0;0;0;15/09/2021;19/10/2021;23.41176471;07/10/2021;192.5;0;0.31
Festuca summilusitana;250821-02;Fellfield;1;25;13;52;13;100;100;0;0;0;0;0;17/09/2021;08/11/2021;21;07/10/2021;254;0;0.991
Festuca summilusitana;250821-02;Fellfield;2;25;12;48;12;100;100;0;0;0;0;0;17/09/2021;08/11/2021;22.90909091;08/10/2021;265;0;0.414
Festuca summilusitana;250821-02;Fellfield;3;25;8;32;8;100;100;0;0;0;0;0;17/09/2021;08/11/2021;24;10/10/2021;287;0;1.299
Festuca summilusitana;250821-02;Fellfield;4;25;9;36;9;100;100;0;0;0;0;0;17/09/2021;08/11/2021;22;08/10/2021;265;0;0.986
Festuca summilusitana;250821-02;Snowbed;1;25;14;56;14;100;85.71;7.14;7.14;0;0;7.14;17/09/2021;23/06/2022;26;12/10/2021;204.5;14.29;1.292
Festuca summilusitana;250821-02;Snowbed;2;25;15;60;15;100;100;0;0;0;0;0;17/09/2021;08/11/2021;22.71428571;08/10/2021;178.5;0;0.353
Festuca summilusitana;250821-02;Snowbed;3;23;7;30.43;7;100;85.71;0;0;14.29;0;14.29;17/09/2021;13/07/2022;24.5;10/10/2021;192.5;14.29;1.664
Festuca summilusitana;250821-02;Snowbed;4;25;12;48;12;100;91.67;0;0;8.33;0;8.33;17/09/2021;08/08/2022;22.90909091;08/10/2021;178.5;8.33;0.414
Gentiana verna;130921-06;Fellfield;1;25;14;56;2;14.29;0;0;14.29;0;14.29;0;29/09/2021;19/09/2022;NA;NA;NA;100;0
Gentiana verna;130921-06;Fellfield;2;25;17;68;5;29.41;0;0;29.41;0;29.41;0;29/09/2021;19/09/2022;NA;NA;NA;100;1.922
Gentiana verna;130921-06;Fellfield;3;25;9;36;1;11.11;0;0;11.11;0;11.11;0;29/09/2021;19/09/2022;NA;NA;NA;100;0
Gentiana verna;130921-06;Fellfield;4;25;16;64;1;6.25;0;0;6.25;0;6.25;0;29/09/2021;19/09/2022;NA;NA;NA;100;0
Gentiana verna;130921-06;Snowbed;1;25;15;60;3;20;0;13.33;6.67;0;6.67;0;29/09/2021;19/09/2022;NA;NA;NA;100;0.918
Gentiana verna;130921-06;Snowbed;2;25;17;68;6;35.29;0;29.41;5.88;5.88;0;5.88;29/09/2021;19/09/2022;NA;NA;NA;100;0.65
Gentiana verna;130921-06;Snowbed;3;25;21;84;1;4.76;0;4.76;0;0;0;0;29/09/2021;19/09/2022;NA;NA;NA;100;0
Gentiana verna;130921-06;Snowbed;4;23;15;65.22;1;6.67;0;6.67;0;0;0;0;29/09/2021;19/09/2022;NA;NA;NA;100;0
Gentiana verna;140921-06;Fellfield;1;25;20;80;0;0;0;0;0;0;0;0;08/10/2021;19/09/2022;NA;NA;NA;0;0
Gentiana verna;140921-06;Fellfield;2;24;17;70.83;1;5.88;0;0;5.88;0;5.88;0;08/10/2021;19/09/2022;NA;NA;NA;100;0
Gentiana verna;140921-06;Fellfield;3;25;17;68;0;0;0;0;0;0;0;0;08/10/2021;19/09/2022;NA;NA;NA;0;0
Gentiana verna;140921-06;Fellfield;4;25;21;84;0;0;0;0;0;0;0;0;08/10/2021;19/09/2022;NA;NA;NA;0;0
Gentiana verna;140921-06;Snowbed;1;25;19;76;0;0;0;0;0;0;0;0;08/10/2021;19/09/2022;NA;NA;NA;0;0
Gentiana verna;140921-06;Snowbed;2;25;19;76;1;5.26;0;5.26;0;0;0;0;08/10/2021;19/09/2022;NA;NA;NA;100;0
Gentiana verna;140921-06;Snowbed;3;25;21;84;0;0;0;0;0;0;0;0;08/10/2021;19/09/2022;NA;NA;NA;0;0
Gentiana verna;140921-06;Snowbed;4;25;19;76;0;0;0;0;0;0;0;0;08/10/2021;19/09/2022;NA;NA;NA;0;0
Gentianella campestris;300921-03;Fellfield;1;25;25;100;0;0;0;0;0;0;0;0;13/10/2021;19/09/2022;NA;NA;NA;0;0
Gentianella campestris;300921-03;Fellfield;2;25;25;100;0;0;0;0;0;0;0;0;13/10/2021;19/09/2022;NA;NA;NA;0;0
Gentianella campestris;300921-03;Fellfield;3;25;22;88;0;0;0;0;0;0;0;0;13/10/2021;19/09/2022;NA;NA;NA;0;0
Gentianella campestris;300921-03;Fellfield;4;25;25;100;0;0;0;0;0;0;0;0;13/10/2021;19/09/2022;NA;NA;NA;0;0
Gentianella campestris;300921-03;Snowbed;1;25;25;100;0;0;0;0;0;0;0;0;13/10/2021;19/09/2022;NA;NA;NA;0;0
Gentianella campestris;300921-03;Snowbed;2;25;25;100;0;0;0;0;0;0;0;0;13/10/2021;19/09/2022;NA;NA;NA;0;0
Gentianella campestris;300921-03;Snowbed;3;25;25;100;0;0;0;0;0;0;0;0;13/10/2021;19/09/2022;NA;NA;NA;0;0
Gentianella campestris;300921-03;Snowbed;4;25;25;100;0;0;0;0;0;0;0;0;13/10/2021;19/09/2022;NA;NA;NA;0;0
Gypsophila repens;300821-10;Fellfield;1;25;15;60;15;100;13.33;0;66.67;20;66.67;20;22/09/2021;04/07/2022;233.5;12/05/2022;597;86.67;2.33
Gypsophila repens;300821-10;Fellfield;2;25;10;40;10;100;30;0;70;0;70;0;22/09/2021;23/05/2022;229;08/05/2022;563;70;1.846
Gypsophila repens;300821-10;Fellfield;3;25;15;60;15;100;13.33;0;53.33;33.33;80;6.67;22/09/2021;27/06/2022;237.75;16/05/2022;632;86.67;3.057
Gypsophila repens;300821-10;Fellfield;4;23;18;78.26;14;77.78;27.78;0;44.44;5.56;44.44;5.56;22/09/2021;19/09/2022;236;15/05/2022;622.5;64.28;2.067
Gypsophila repens;300821-10;Snowbed;1;23;20;86.96;20;100;0;0;0;100;0;100;22/09/2021;20/07/2022;296.8823529;14/07/2022;711.5;100;0.61
Gypsophila repens;300821-10;Snowbed;2;25;14;56;14;100;0;0;7.14;92.86;0;100;22/09/2021;13/07/2022;287.875;05/07/2022;584;100;1.264
Gypsophila repens;300821-10;Snowbed;3;25;19;76;19;100;0;0;31.58;68.42;0;100;22/09/2021;13/07/2022;284.0833333;02/07/2022;545;100;1.581
Gypsophila repens;300821-10;Snowbed;4;25;20;80;20;100;0;0;85;15;0;100;22/09/2021;13/07/2022;277.5294118;25/06/2022;462.5;100;0.748
Gypsophila repens;310821-08;Fellfield;1;25;23;92;23;100;8.7;0;82.61;4.35;86.96;4.35;24/09/2021;13/09/2022;229.625;10/05/2022;555;91.3;2.131
Gypsophila repens;310821-08;Fellfield;2;25;24;96;24;100;0;0;91.67;8.33;91.67;8.33;24/09/2021;01/08/2022;229.5;10/05/2022;555;100;1.797
Gypsophila repens;310821-08;Fellfield;3;25;23;92;22;95.65;34.78;0;56.52;4.35;56.52;4.35;24/09/2021;19/09/2022;217.375;28/04/2022;482.5;63.64;2.309
Gypsophila repens;310821-08;Fellfield;4;25;22;88;22;100;13.64;0;68.18;18.18;72.73;13.64;24/09/2021;04/07/2022;229.3333333;10/05/2022;555;86.36;2.423
Gypsophila repens;310821-08;Snowbed;1;25;25;100;23;92;0;4;40;48;0;88;24/09/2021;19/09/2022;281.5;01/07/2022;516;100;2.143
Gypsophila repens;310821-08;Snowbed;2;25;24;96;24;100;4.17;8.33;62.5;20.83;4.17;83.33;24/09/2021;07/09/2022;274.7272727;24/06/2022;435;95.83;2.385
Gypsophila repens;310821-08;Snowbed;3;25;24;96;23;95.83;4.17;0;50;41.67;0;91.67;24/09/2021;19/09/2022;277.1428571;27/06/2022;468;95.65;2.453
Gypsophila repens;310821-08;Snowbed;4;25;22;88;22;100;0;4.55;77.27;18.18;4.54;90.91;24/09/2021;20/07/2022;274.7692308;24/06/2022;435;100;1.966
Helianthemum canum;300821-05;Fellfield;1;25;23;92;7;30.43;13.04;0;4.35;4.35;8.7;8.7;21/09/2021;19/09/2022;NA;NA;NA;57.15;2.522
Helianthemum canum;300821-05;Fellfield;2;25;18;72;9;50;33.33;0;16.67;0;16.67;0;21/09/2021;19/09/2022;237;15/05/2022;635;33.34;0.918
Helianthemum canum;300821-05;Fellfield;3;25;22;88;11;50;40.91;0;4.55;4.55;4.55;4.55;21/09/2021;19/09/2022;321;07/08/2022;1853;18.18;1.278
Helianthemum canum;300821-05;Fellfield;4;25;24;96;8;33.33;20.83;0;12.5;0;12.5;0;21/09/2021;19/09/2022;NA;NA;NA;37.5;1.75
Helianthemum canum;300821-05;Snowbed;1;25;18;72;6;33.33;11.11;0;11.11;11.11;0;22.22;21/09/2021;19/09/2022;NA;NA;NA;66.67;1.918
Helianthemum canum;300821-05;Snowbed;2;25;18;72;6;33.33;16.67;0;16.67;0;5.56;11.11;21/09/2021;19/09/2022;NA;NA;NA;49.98;2.252
Helianthemum canum;300821-05;Snowbed;3;25;22;88;6;27.27;18.18;0;9.09;0;4.55;4.55;21/09/2021;19/09/2022;NA;NA;NA;33.33;1.918
Helianthemum canum;300821-05;Snowbed;4;25;19;76;6;31.58;15.79;0;10.53;5.26;5.26;10.53;21/09/2021;19/09/2022;NA;NA;NA;50;2.252
Helianthemum canum;310821-05;Fellfield;1;25;19;76;3;15.79;0;0;0;15.79;0;15.79;24/09/2021;19/09/2022;NA;NA;NA;100;1.585
Helianthemum canum;310821-05;Fellfield;2;25;19;76;5;26.32;26.32;0;0;0;0;0;24/09/2021;19/09/2022;NA;NA;NA;0;1.371
Helianthemum canum;310821-05;Fellfield;3;25;19;76;2;10.53;10.53;0;0;0;0;0;24/09/2021;19/09/2022;NA;NA;NA;0;0
Helianthemum canum;310821-05;Fellfield;4;25;21;84;4;19.05;9.52;0;4.76;4.76;4.76;4.76;24/09/2021;19/09/2022;NA;NA;NA;50.03;2
Helianthemum canum;310821-05;Snowbed;1;25;24;96;0;0;0;0;0;0;0;0;24/09/2021;19/09/2022;NA;NA;NA;0;0
Helianthemum canum;310821-05;Snowbed;2;25;20;80;4;20;0;15;0;5;0;5;24/09/2021;19/09/2022;NA;NA;NA;100;1.2
Helianthemum canum;310821-05;Snowbed;3;25;16;64;1;6.25;0;0;6.25;0;0;6.25;24/09/2021;19/09/2022;NA;NA;NA;100;0
Helianthemum canum;310821-05;Snowbed;4;25;22;88;5;22.73;18.18;0;4.55;0;4.55;0;24/09/2021;19/09/2022;NA;NA;NA;20.02;1.371
Helianthemum urrielense;130921-05;Fellfield;1;25;6;24;2;33.33;16.67;0;0;0;0;16.67;29/09/2021;19/09/2022;NA;NA;NA;49.98;1
Helianthemum urrielense;130921-05;Fellfield;2;25;5;20;2;40;40;0;0;0;0;0;29/09/2021;19/09/2022;NA;NA;NA;0;0
Helianthemum urrielense;130921-05;Fellfield;3;25;3;12;1;33.33;33.33;0;0;0;0;0;29/09/2021;19/09/2022;NA;NA;NA;0;0
Helianthemum urrielense;130921-05;Fellfield;4;25;2;8;1;50;50;0;0;0;0;0;29/09/2021;19/09/2022;15;13/10/2021;163;0;0
Helianthemum urrielense;130921-05;Snowbed;1;25;1;4;0;0;0;0;0;0;0;0;29/09/2021;19/09/2022;NA;NA;NA;0;0
Helianthemum urrielense;130921-05;Snowbed;2;25;1;4;1;100;100;0;0;0;0;0;29/09/2021;19/09/2022;22;20/10/2021;142;0;0
Helianthemum urrielense;130921-05;Snowbed;3;25;4;16;3;75;75;0;0;0;0;0;29/09/2021;19/09/2022;10;08/10/2021;72.5;0;0
Helianthemum urrielense;130921-05;Snowbed;4;24;4;16.67;1;25;25;0;0;0;0;0;29/09/2021;19/09/2022;NA;NA;NA;0;0
Helianthemum urrielense;140921-04;Fellfield;1;23;1;4.35;1;100;100;0;0;0;0;0;05/10/2021;18/10/2021;6.5;10/10/2021;66;0;0
Helianthemum urrielense;140921-04;Fellfield;2;25;5;20;5;100;100;0;0;0;0;0;05/10/2021;11/11/2021;20.52083333;24/10/2021;185;0;1.371
Helianthemum urrielense;140921-04;Fellfield;3;25;1;4;1;100;100;0;0;0;0;0;05/10/2021;18/10/2021;6.5;10/10/2021;66;0;0
Helianthemum urrielense;140921-04;Fellfield;4;25;2;8;2;100;100;0;0;0;0;0;05/10/2021;02/11/2021;13;17/10/2021;132.5;0;1
Helianthemum urrielense;140921-04;Snowbed;1;25;1;4;1;100;100;0;0;0;0;0;05/10/2021;18/10/2021;6.5;10/10/2021;42;0;0
Helianthemum urrielense;140921-04;Snowbed;2;25;2;8;2;100;100;0;0;0;0;0;05/10/2021;02/11/2021;20.52083333;24/10/2021;115.5;0;0
Helianthemum urrielense;140921-04;Snowbed;3;25;1;4;1;100;100;0;0;0;0;0;05/10/2021;18/10/2021;6.5;10/10/2021;42;0;0
Helianthemum urrielense;140921-04;Snowbed;4;25;3;12;3;100;100;0;0;0;0;0;05/10/2021;02/11/2021;20.52083333;24/10/2021;115.5;0;0
Helictochloa marginata;240821-06;Fellfield;1;15;2;13.33;2;100;0;0;100;0;100;0;16/09/2021;30/05/2022;252.5;25/05/2022;800;100;0
Helictochloa marginata;240821-06;Fellfield;2;15;2;13.33;2;100;50;0;50;0;50;0;16/09/2021;30/05/2022;33;18/10/2021;375;50;1
Helictochloa marginata;240821-06;Snowbed;1;15;4;26.67;4;100;0;25;0;75;0;75;16/09/2021;06/07/2022;288.3333333;30/06/2022;580;100;0.811
Helictochloa marginata;240821-06;Snowbed;2;15;1;6.67;1;100;100;0;0;0;0;0;16/09/2021;08/11/2021;43.02083333;28/10/2021;290.5;0;0
Helictotrichon sedenense;300821-09;Fellfield;1;25;4;16;4;100;0;0;100;0;100;0;21/09/2021;16/05/2022;230;08/05/2022;575.5;100;1
Helictotrichon sedenense;300821-09;Fellfield;2;24;3;12.5;3;100;0;0;100;0;100;0;21/09/2021;16/05/2022;233.5;11/05/2022;601;100;0
Helictotrichon sedenense;300821-09;Fellfield;3;23;4;17.39;4;100;0;0;100;0;100;0;21/09/2021;16/05/2022;230;08/05/2022;575.5;100;1
Helictotrichon sedenense;300821-09;Fellfield;4;21;3;14.29;3;100;33.33;0;66.67;0;66.67;0;21/09/2021;09/05/2022;224.75;02/05/2022;539.5;66.67;0.918
Helictotrichon sedenense;300821-09;Snowbed;1;24;5;20.83;5;100;0;100;0;0;0;0;21/09/2021;11/05/2022;231.5;09/05/2022;285.5;100;0
Helictotrichon sedenense;300821-09;Snowbed;2;24;3;12.5;3;100;0;100;0;0;0;0;21/09/2021;11/05/2022;231.5;09/05/2022;285.5;100;0
Helictotrichon sedenense;300821-09;Snowbed;3;22;5;22.73;5;100;0;80;0;20;0;20;21/09/2021;06/07/2022;231.625;09/05/2022;285.5;100;0.722
Helictotrichon sedenense;300821-09;Snowbed;4;24;7;29.17;7;100;0;71.43;14.29;14.29;0;28.57;21/09/2021;20/07/2022;231.7;09/05/2022;285.5;100;1.149
Iberis carnosa;130921-12;Fellfield;1;25;20;80;20;100;90;0;0;10;0;10;30/09/2021;15/08/2022;8.75;07/10/2021;90;10;1.022
Iberis carnosa;130921-12;Fellfield;2;25;24;96;22;91.67;83.33;0;0;4.17;0;8.33;30/09/2021;19/09/2022;8.842105263;07/10/2021;90;9.1;0.791
Iberis carnosa;130921-12;Fellfield;3;25;25;100;21;84;72;0;0;4;0;12;30/09/2021;19/09/2022;9.722222222;08/10/2021;101;14.29;0.818
Iberis carnosa;130921-12;Fellfield;4;25;25;100;23;92;64;0;4;24;8;20;30/09/2021;19/09/2022;10.9375;09/10/2021;112;30.43;1.567
Iberis carnosa;130921-12;Snowbed;1;25;23;92;23;100;17.39;0;0;65.22;0;82.61;30/09/2021;19/09/2022;327.75;22/08/2022;1232;82.61;2.492
Iberis carnosa;130921-12;Snowbed;2;25;21;84;21;100;14.29;0;0;80.95;0;85.71;30/09/2021;07/09/2022;311;06/08/2022;998;85.71;2.784
Iberis carnosa;130921-12;Snowbed;3;25;24;96;23;95.83;8.33;0;0;83.33;0;87.5;30/09/2021;19/09/2022;316.4444444;11/08/2022;1071.5;91.31;2.761
Iberis carnosa;130921-12;Snowbed;4;25;23;92;23;100;26.09;0;0;60.87;0;73.91;30/09/2021;13/09/2022;291.5;17/07/2022;691.5;73.91;3.084
Jasione cavanillesii;130921-14;Fellfield;1;20;9;45;3;33.33;0;0;33.33;0;33.33;0;08/10/2021;19/09/2022;NA;NA;NA;100;1.585
Jasione cavanillesii;130921-14;Fellfield;2;20;12;60;7;58.33;0;0;58.33;8.33;58.33;0;08/10/2021;19/09/2022;228;23/05/2022;512;100;1.95
Jasione cavanillesii;130921-14;Fellfield;3;20;14;70;10;71.43;0;0;64.29;7.14;64.29;7.14;08/10/2021;19/09/2022;224.5;19/05/2022;473.5;100;2.17
Jasione cavanillesii;130921-14;Snowbed;1;20;9;45;5;55.56;0;0;22.22;44.44;0;55.56;08/10/2021;19/09/2022;270.8333333;04/07/2022;447.5;100;1.371
Jasione cavanillesii;130921-14;Snowbed;2;20;13;65;4;30.77;0;0;0;30.77;0;30.77;08/10/2021;19/09/2022;NA;NA;NA;100;0.811
Jasione cavanillesii;130921-14;Snowbed;3;20;9;45;6;66.67;0;0;33.33;44.44;11.11;55.56;08/10/2021;19/09/2022;273.75;07/07/2022;488;100;2.252
Jasione cavanillesii;140921-05;Fellfield;1;15;11;73.33;0;0;0;0;0;0;0;0;08/10/2021;19/09/2022;NA;NA;NA;0;0
Jasione cavanillesii;140921-05;Fellfield;2;15;6;40;0;0;0;0;0;0;0;0;08/10/2021;19/09/2022;NA;NA;NA;0;0
Jasione cavanillesii;140921-05;Fellfield;3;15;11;73.33;0;0;0;0;0;0;0;0;08/10/2021;19/09/2022;NA;NA;NA;0;0
Jasione cavanillesii;140921-05;Snowbed;1;15;7;46.67;0;0;0;0;0;0;0;0;08/10/2021;19/09/2022;NA;NA;NA;0;0
Jasione cavanillesii;140921-05;Snowbed;2;15;5;33.33;1;20;0;0;0;20;0;20;08/10/2021;19/09/2022;NA;NA;NA;100;0
Jasione cavanillesii;140921-05;Snowbed;3;15;4;26.67;0;0;0;0;0;0;0;0;08/10/2021;19/09/2022;NA;NA;NA;0;0
Jurinea humilis;110821-06;Fellfield;1;16;2;12.5;2;100;100;0;0;0;0;0;06/09/2021;14/10/2021;11;16/09/2021;168;0;1
Jurinea humilis;110821-06;Fellfield;2;16;3;18.75;3;100;66.67;0;33.33;0;33.33;0;06/09/2021;18/04/2022;8.25;13/09/2021;126;33.33;0.918
Jurinea humilis;110821-06;Fellfield;3;18;7;38.89;7;100;85.71;14.29;0;0;0;0;06/09/2021;11/04/2022;7.7;12/09/2021;112;14.29;1.149
Jurinea humilis;110821-06;Fellfield;4;15;4;26.67;4;100;50;25;25;0;25;0;06/09/2021;25/04/2022;11;16/09/2021;168;50;1.5
Jurinea humilis;110821-06;Snowbed;1;17;5;29.41;5;100;0;100;0;0;0;0;06/09/2021;11/05/2022;246.5;09/05/2022;458.5;100;0
Jurinea humilis;110821-06;Snowbed;2;16;3;18.75;3;100;0;100;0;0;0;0;06/09/2021;11/05/2022;246.5;09/05/2022;458.5;100;0
Jurinea humilis;110821-06;Snowbed;3;17;2;11.76;2;100;0;100;0;0;0;0;06/09/2021;11/05/2022;246.5;09/05/2022;458.5;100;0
Jurinea humilis;120821-03;Fellfield;2;25;1;4;1;100;100;0;0;0;0;0;06/09/2021;17/09/2021;5.5;10/09/2021;80;0;0
Jurinea humilis;120821-03;Fellfield;3;23;8;34.78;8;100;100;0;0;0;0;0;06/09/2021;14/10/2021;8.8;13/09/2021;126;0;0.954
Jurinea humilis;120821-03;Fellfield;4;25;9;36;9;100;77.78;0;22.22;0;22.22;0;06/09/2021;09/05/2022;15.5;20/09/2021;222.5;22.22;1.753
Jurinea humilis;120821-03;Snowbed;3;23;1;4.35;1;100;0;100;0;0;0;0;06/09/2021;11/05/2022;246.5;09/05/2022;458.5;100;0
Jurinea humilis;310821-01;Fellfield;2;25;3;12;3;100;0;0;100;0;100;0;22/09/2021;02/05/2022;211.5;20/04/2022;471.5;100;1.585
Jurinea humilis;310821-01;Fellfield;4;25;4;16;4;100;75;0;25;0;25;0;22/09/2021;02/05/2022;27.66666667;18/10/2021;294;25;0.811
Jurinea humilis;310821-01;Snowbed;1;25;11;44;11;100;0;100;0;0;0;0;22/09/2021;11/05/2022;230.5;09/05/2022;277;100;0
Jurinea humilis;310821-01;Snowbed;2;25;7;28;7;100;0;100;0;0;0;0;22/09/2021;11/05/2022;230.5;09/05/2022;277;100;0
Jurinea humilis;310821-01;Snowbed;3;25;6;24;6;100;0;100;0;0;0;0;22/09/2021;11/05/2022;230.5;09/05/2022;277;100;0
Jurinea humilis;310821-01;Snowbed;4;25;6;24;6;100;0;100;0;0;0;0;22/09/2021;11/05/2022;230.5;09/05/2022;277;100;0
Kobresia myosuroides;130921-03;Fellfield;1;25;12;48;0;0;0;0;0;0;0;0;29/09/2021;19/09/2022;NA;NA;NA;0;0
Kobresia myosuroides;130921-03;Fellfield;2;25;5;20;0;0;0;0;0;0;0;0;29/09/2021;19/09/2022;NA;NA;NA;0;0
Kobresia myosuroides;130921-03;Fellfield;3;25;8;32;0;0;0;0;0;0;0;0;29/09/2021;19/09/2022;NA;NA;NA;0;0
Kobresia myosuroides;130921-03;Fellfield;4;25;14;56;0;0;0;0;0;0;0;0;29/09/2021;19/09/2022;NA;NA;NA;0;0
Kobresia myosuroides;130921-03;Snowbed;1;25;8;32;0;0;0;0;0;0;0;0;29/09/2021;19/09/2022;NA;NA;NA;0;0
Kobresia myosuroides;130921-03;Snowbed;2;25;6;24;0;0;0;0;0;0;0;0;29/09/2021;19/09/2022;NA;NA;NA;0;0
Kobresia myosuroides;130921-03;Snowbed;3;25;7;28;0;0;0;0;0;0;0;0;29/09/2021;19/09/2022;NA;NA;NA;0;0
Kobresia myosuroides;130921-03;Snowbed;4;25;5;20;0;0;0;0;0;0;0;0;29/09/2021;19/09/2022;NA;NA;NA;0;0
Koeleria vallesiana;300821-02;Fellfield;1;25;17;68;17;100;100;0;0;0;0;0;21/09/2021;07/10/2021;8;28/09/2021;98;0;0
Koeleria vallesiana;300821-02;Fellfield;2;25;20;80;20;100;100;0;0;0;0;0;21/09/2021;26/10/2021;8.888888889;28/09/2021;98;0;0.469
Koeleria vallesiana;300821-02;Fellfield;3;25;22;88;22;100;100;0;0;0;0;0;21/09/2021;07/10/2021;8;28/09/2021;98;0;0
Koeleria vallesiana;300821-02;Fellfield;4;25;21;84;21;100;100;0;0;0;0;0;21/09/2021;07/10/2021;8;28/09/2021;98;0;0
Koeleria vallesiana;300821-02;Snowbed;1;25;13;52;13;100;92.31;0;7.69;0;0;7.69;21/09/2021;29/06/2022;28.35;18/10/2021;199;7.69;0.991
Koeleria vallesiana;300821-02;Snowbed;2;25;13;52;13;100;84.62;15.38;0;0;0;0;21/09/2021;18/05/2022;29.72222222;19/10/2021;203.5;15.38;1.352
Koeleria vallesiana;300821-02;Snowbed;3;25;15;60;14;93.33;86.67;6.67;0;0;0;0;21/09/2021;19/09/2022;26.96153846;16/10/2021;188.5;7.14;0.371
Koeleria vallesiana;300821-02;Snowbed;4;25;8;32;8;100;62.5;37.5;0;0;0;0;21/09/2021;18/05/2022;30.25;20/10/2021;208;37.5;1.75
Koeleria vallesiana;310821-09;Fellfield;1;24;15;62.5;15;100;100;0;0;0;0;0;28/09/2021;09/11/2021;19.88888889;16/10/2021;203;0;1.231
Koeleria vallesiana;310821-09;Fellfield;2;25;13;52;13;100;100;0;0;0;0;0;28/09/2021;28/10/2021;19.88888889;16/10/2021;203;0;0.89
Koeleria vallesiana;310821-09;Fellfield;3;25;18;72;18;100;100;0;0;0;0;0;28/09/2021;28/10/2021;14.4;11/10/2021;155.5;0;0.991
Koeleria vallesiana;310821-09;Fellfield;4;25;20;80;20;100;100;0;0;0;0;0;28/09/2021;28/10/2021;10;07/10/2021;113;0;0.722
Koeleria vallesiana;310821-09;Snowbed;1;25;15;60;15;100;66.67;26.67;6.67;0;0;6.67;28/09/2021;29/06/2022;36.02083333;02/11/2021;197;33.33;1.826
Koeleria vallesiana;310821-09;Snowbed;2;25;17;68;17;100;88.24;5.88;0;5.88;0;5.88;28/09/2021;06/07/2022;27.9;24/10/2021;167.5;11.76;1.45
Koeleria vallesiana;310821-09;Snowbed;3;25;18;72;18;100;94.44;5.56;0;0;0;0;28/09/2021;18/05/2022;25;22/10/2021;158.5;5.56;0.944
Koeleria vallesiana;310821-09;Snowbed;4;24;19;79.17;19;100;73.68;5.26;5.26;10.53;0;21.05;28/09/2021;19/09/2022;36.02083333;02/11/2021;197;26.32;2.03
Luzula caespitosa;110821-03;Fellfield;1;25;6;24;5;83.33;50;0;16.67;0;16.67;16.67;07/09/2021;19/09/2022;37;13/10/2021;467.5;40;1.371
Luzula caespitosa;110821-03;Fellfield;2;25;5;20;4;80;80;0;0;0;0;0;07/09/2021;19/09/2022;32.5;08/10/2021;417;0;0.811
Luzula caespitosa;110821-03;Fellfield;3;25;10;40;8;80;70;0;0;0;0;10;07/09/2021;19/09/2022;32.5;08/10/2021;417;12.5;1.061
Luzula caespitosa;110821-03;Fellfield;4;25;10;40;10;100;80;20;0;0;0;0;07/09/2021;11/04/2022;29.28571429;05/10/2021;384;20;1.157
Luzula caespitosa;110821-03;Snowbed;1;25;5;20;4;80;0;80;0;0;0;0;07/09/2021;19/09/2022;245.625;09/05/2022;445.5;100;0
Luzula caespitosa;110821-03;Snowbed;2;25;5;20;5;100;0;100;0;0;0;0;07/09/2021;11/05/2022;245.5;09/05/2022;445.5;100;0
Luzula caespitosa;110821-03;Snowbed;3;25;6;24;6;100;0;100;0;0;0;0;07/09/2021;11/05/2022;245.5;09/05/2022;445.5;100;0
Luzula caespitosa;110821-03;Snowbed;4;25;9;36;8;88.89;0;88.89;0;0;0;0;07/09/2021;19/09/2022;245.6428571;09/05/2022;445.5;100;0.544
Luzula caespitosa;120821-04;Fellfield;1;25;8;32;8;100;75;12.5;0;0;0;12.5;07/09/2021;13/09/2022;51.69444444;27/10/2021;577.5;25;1.061
Luzula caespitosa;120821-04;Fellfield;2;25;12;48;10;83.33;33.33;33.33;8.33;0;8.34;8.33;07/09/2021;19/09/2022;211.3333333;05/04/2022;640;60;2.371
Luzula caespitosa;120821-04;Fellfield;3;25;4;16;4;100;25;50;25;0;25;0;07/09/2021;25/04/2022;212.5;06/04/2022;642.5;75;1.5
Luzula caespitosa;120821-04;Fellfield;4;25;8;32;8;100;12.5;87.5;0;0;0;0;07/09/2021;11/04/2022;212;06/04/2022;642.5;87.5;0.544
Luzula caespitosa;120821-04;Snowbed;1;25;10;40;10;100;0;90;0;10;0;10;07/09/2021;06/07/2022;245.625;09/05/2022;445.5;100;0.922
Luzula caespitosa;120821-04;Snowbed;2;25;13;52;13;100;0;100;0;0;0;0;07/09/2021;11/05/2022;245.5;09/05/2022;445.5;100;0
Luzula caespitosa;120821-04;Snowbed;3;25;15;60;15;100;0;100;0;0;0;0;07/09/2021;11/05/2022;245.5;09/05/2022;445.5;100;0
Luzula caespitosa;120821-04;Snowbed;4;25;9;36;9;100;0;100;0;0;0;0;07/09/2021;11/05/2022;245.5;09/05/2022;445.5;100;0
Minuartia recurva;110821-07;Fellfield;1;25;23;92;23;100;100;0;0;0;0;0;03/09/2021;08/10/2021;7.208333333;09/09/2021;115;0;0.999
Minuartia recurva;110821-07;Fellfield;2;25;25;100;25;100;100;0;0;0;0;0;03/09/2021;08/10/2021;10.83333333;12/09/2021;163;0;0.971
Minuartia recurva;110821-07;Fellfield;3;25;22;88;22;100;100;0;0;0;0;0;03/09/2021;08/10/2021;4.714285714;06/09/2021;67;0;0.946
Minuartia recurva;110821-07;Fellfield;4;25;22;88;22;100;100;0;0;0;0;0;03/09/2021;05/11/2021;10.83333333;12/09/2021;163;0;1.207
Minuartia recurva;110821-07;Snowbed;1;25;20;80;20;100;75;5;20;0;20;0;03/09/2021;08/06/2022;23.84615385;25/09/2021;266.5;25;1.579
Minuartia recurva;110821-07;Snowbed;2;25;21;84;21;100;66.67;0;33.33;0;33.33;0;03/09/2021;15/06/2022;26.54166667;28/09/2021;290;33.33;1.832
Minuartia recurva;110821-07;Snowbed;3;25;23;92;23;100;65.22;0;34.78;0;34.78;0;03/09/2021;15/06/2022;27.19230769;29/09/2021;297.5;34.78;1.23
Minuartia recurva;110821-07;Snowbed;4;25;24;96;24;100;79.17;0;20.83;0;20.83;0;03/09/2021;15/06/2022;16.54545455;18/09/2021;205;20.83;1.801
Minuartia recurva;120821-01;Fellfield;1;25;25;100;25;100;100;0;0;0;0;0;03/09/2021;08/10/2021;3.571428571;05/09/2021;51;0;0.634
Minuartia recurva;120821-01;Fellfield;2;25;24;96;24;100;100;0;0;0;0;0;03/09/2021;08/10/2021;3.428571429;05/09/2021;51;0;0.544
Minuartia recurva;120821-01;Fellfield;3;25;25;100;25;100;100;0;0;0;0;0;03/09/2021;08/10/2021;3.947368421;05/09/2021;51;0;0.795
Minuartia recurva;120821-01;Fellfield;4;25;23;92;23;100;95.65;0;4.35;0;4.35;0;03/09/2021;25/04/2022;3.631578947;05/09/2021;51;4.35;0.808
Minuartia recurva;120821-01;Snowbed;1;25;23;92;23;100;73.91;13.04;13.04;0;13.05;0;03/09/2021;01/06/2022;4.3125;06/09/2021;64;26.09;1.327
Minuartia recurva;120821-01;Snowbed;2;25;24;96;24;100;91.67;0;8.33;0;8.33;0;03/09/2021;15/06/2022;5.142857143;07/09/2021;77;8.33;1.364
Minuartia recurva;120821-01;Snowbed;3;25;22;88;22;100;100;0;0;0;0;0;03/09/2021;08/10/2021;4.125;06/09/2021;64;0;0.845
Minuartia recurva;120821-01;Snowbed;4;25;25;100;25;100;88;0;12;0;12;0;03/09/2021;01/06/2022;4.6875;06/09/2021;64;12;1.429
Minuartia verna;300821-06;Fellfield;1;25;25;100;12;48;44;0;0;0;0;4;21/09/2021;19/09/2022;NA;NA;NA;8.33;1.551
Minuartia verna;300821-06;Fellfield;2;25;24;96;11;45.83;45.83;0;0;0;0;0;21/09/2021;19/09/2022;NA;NA;NA;0;0.845
Minuartia verna;300821-06;Fellfield;3;25;23;92;10;43.48;43.48;0;0;0;0;0;21/09/2021;19/09/2022;NA;NA;NA;0;0.72
Minuartia verna;300821-06;Fellfield;4;25;22;88;7;31.82;31.82;0;0;0;0;0;21/09/2021;19/09/2022;NA;NA;NA;0;0.592
Minuartia verna;300821-06;Snowbed;1;25;24;96;4;16.67;12.5;0;4.17;0;4.17;0;21/09/2021;19/09/2022;NA;NA;NA;25.01;0.811
Minuartia verna;300821-06;Snowbed;2;25;24;96;2;8.33;4.17;0;0;0;0;4.17;21/09/2021;19/09/2022;NA;NA;NA;49.94;1
Minuartia verna;300821-06;Snowbed;3;25;23;92;1;4.35;4.35;0;0;0;0;0;21/09/2021;19/09/2022;NA;NA;NA;0;0
Minuartia verna;300821-06;Snowbed;4;25;24;96;5;20.83;12.5;0;0;0;0;8.33;21/09/2021;19/09/2022;NA;NA;NA;39.99;1.922
MinuartiaCF;310821-10;Fellfield;1;25;25;100;6;24;16;0;4;4;4;4;24/09/2021;19/09/2022;NA;NA;NA;33.33;1.252
MinuartiaCF;310821-10;Fellfield;2;25;25;100;12;48;24;0;16;4;16;8;24/09/2021;19/09/2022;NA;NA;NA;50;1.896
MinuartiaCF;310821-10;Fellfield;3;25;25;100;12;48;24;0;20;4;20;4;24/09/2021;19/09/2022;NA;NA;NA;50;2.335
MinuartiaCF;310821-10;Fellfield;4;25;24;96;14;58.33;37.5;0;16.67;4.17;16.67;4.17;24/09/2021;19/09/2022;227;08/05/2022;538;35.71;2.118
MinuartiaCF;310821-10;Snowbed;1;25;25;100;4;16;0;0;4;4;4;12;24/09/2021;19/09/2022;NA;NA;NA;100;2
MinuartiaCF;310821-10;Snowbed;2;25;25;100;3;12;0;0;0;12;0;12;24/09/2021;19/09/2022;NA;NA;NA;100;0.918
MinuartiaCF;310821-10;Snowbed;3;25;25;100;5;20;0;0;12;4;4;16;24/09/2021;19/09/2022;NA;NA;NA;100;1.922
MinuartiaCF;310821-10;Snowbed;4;25;25;100;2;8;0;4;4;0;0;4;24/09/2021;19/09/2022;NA;NA;NA;100;1
Neochischkinia truncatula;240821-07;Fellfield;1;25;23;92;22;95.65;95.65;0;0;0;0;0;16/09/2021;19/09/2022;6.795454545;21/09/2021;81;0;0
Neochischkinia truncatula;240821-07;Fellfield;2;25;25;100;23;92;92;0;0;0;0;0;16/09/2021;19/09/2022;7.386363636;22/09/2021;93.5;0;0.258
Neochischkinia truncatula;240821-07;Fellfield;3;25;23;92;23;100;100;0;0;0;0;0;16/09/2021;29/09/2021;6.5;21/09/2021;81;0;0
Neochischkinia truncatula;240821-07;Fellfield;4;25;25;100;25;100;100;0;0;0;0;0;16/09/2021;29/09/2021;6.5;21/09/2021;81;0;0
Neochischkinia truncatula;240821-07;Snowbed;1;25;21;84;20;95.24;95.24;0;0;0;0;0;16/09/2021;19/09/2022;7.184210526;22/09/2021;67.5;0;0.286
Neochischkinia truncatula;240821-07;Snowbed;2;25;24;96;19;79.17;79.17;0;0;0;0;0;16/09/2021;19/09/2022;8.666666667;23/09/2021;76;0;0.297
Neochischkinia truncatula;240821-07;Snowbed;3;25;24;96;23;95.83;95.83;0;0;0;0;0;16/09/2021;19/09/2022;7.428571429;22/09/2021;67.5;0;0.426
Neochischkinia truncatula;240821-07;Snowbed;4;25;22;88;22;100;100;0;0;0;0;0;16/09/2021;29/09/2021;6.5;21/09/2021;59;0;0
Neochischkinia truncatula;250821-03;Fellfield;1;25;24;96;21;87.5;83.33;0;0;4.17;0;4.17;17/09/2021;19/09/2022;7.578947368;23/09/2021;92;4.77;0.549
Neochischkinia truncatula;250821-03;Fellfield;2;25;21;84;17;80.95;80.95;0;0;0;0;0;17/09/2021;19/09/2022;7.411764706;23/09/2021;92;0;0
Neochischkinia truncatula;250821-03;Fellfield;3;25;22;88;22;100;100;0;0;0;0;0;17/09/2021;19/10/2021;6.285714286;22/09/2021;79.5;0;0.267
Neochischkinia truncatula;250821-03;Fellfield;4;25;18;72;18;100;100;0;0;0;0;0;17/09/2021;29/09/2021;6;22/09/2021;79.5;0;0
Neochischkinia truncatula;250821-03;Snowbed;1;25;22;88;17;77.27;77.27;0;0;0;0;0;17/09/2021;19/09/2022;10.15384615;26/09/2021;91;0;0.787
Neochischkinia truncatula;250821-03;Snowbed;2;25;18;72;15;83.33;83.33;0;0;0;0;0;17/09/2021;19/09/2022;9.818181818;25/09/2021;82.5;0;0.837
Neochischkinia truncatula;250821-03;Snowbed;3;22;19;86.36;19;100;100;0;0;0;0;0;17/09/2021;19/10/2021;9.5;25/09/2021;82.5;0;0.949
Neochischkinia truncatula;250821-03;Snowbed;4;25;24;96;22;91.67;87.5;0;0;4.17;0;4.17;17/09/2021;19/09/2022;11.07692308;27/09/2021;98.5;4.55;1.182
Pedicularis pyrenaica;130921-04;Fellfield;1;25;9;36;2;22.22;0;0;22.22;0;22.22;0;29/09/2021;19/09/2022;NA;NA;NA;100;1
Pedicularis pyrenaica;130921-04;Fellfield;2;25;11;44;7;63.64;0;18.18;45.45;0;45.46;0;29/09/2021;19/09/2022;210.75;26/04/2022;413;100;1.95
Pedicularis pyrenaica;130921-04;Fellfield;3;25;19;76;11;57.89;0;31.58;26.32;0;26.31;0;29/09/2021;19/09/2022;207.25;23/04/2022;399.5;100;1.686
Pedicularis pyrenaica;130921-04;Fellfield;4;25;3;12;2;66.67;0;66.67;0;0;0;0;29/09/2021;19/09/2022;193;09/04/2022;345.5;100;0
Pedicularis pyrenaica;130921-04;Snowbed;1;25;11;44;2;18.18;0;18.18;0;0;0;0;29/09/2021;19/09/2022;NA;NA;NA;100;0
Pedicularis pyrenaica;130921-04;Snowbed;2;25;20;80;7;35;0;30;5;5;0;5;29/09/2021;19/09/2022;NA;NA;NA;100;1.149
Pedicularis pyrenaica;130921-04;Snowbed;3;25;19;76;11;57.89;0;52.63;5.26;5.26;0;5.26;29/09/2021;19/09/2022;224.9;10/05/2022;219.5;100;0.439
Pedicularis pyrenaica;130921-04;Snowbed;4;25;8;32;4;50;0;37.5;12.5;12.5;0;12.5;29/09/2021;19/09/2022;274;29/06/2022;451.5;100;0.811
Pedicularis pyrenaica;310821-04;Fellfield;1;25;20;80;7;35;0;0;35;0;35;0;24/09/2021;19/09/2022;NA;NA;NA;100;1.557
Pedicularis pyrenaica;310821-04;Fellfield;2;25;19;76;7;36.84;0;0;36.84;0;36.84;0;24/09/2021;19/09/2022;NA;NA;NA;100;1.842
Pedicularis pyrenaica;310821-04;Fellfield;3;25;19;76;5;26.32;0;5.26;21.05;0;21.06;0;24/09/2021;19/09/2022;NA;NA;NA;100;1.922
Pedicularis pyrenaica;310821-04;Fellfield;4;25;19;76;4;21.05;0;0;21.05;0;21.05;0;24/09/2021;19/09/2022;NA;NA;NA;100;0.811
Pedicularis pyrenaica;310821-04;Snowbed;1;25;24;96;5;20.83;0;20.83;0;0;0;0;24/09/2021;19/09/2022;NA;NA;NA;100;0.722
Pedicularis pyrenaica;310821-04;Snowbed;2;25;21;84;4;19.05;0;19.05;0;0;0;0;24/09/2021;19/09/2022;NA;NA;NA;100;0
Pedicularis pyrenaica;310821-04;Snowbed;3;25;24;96;9;37.5;0;33.33;0;4.17;0;4.17;24/09/2021;19/09/2022;NA;NA;NA;100;0.503
Pedicularis pyrenaica;310821-04;Snowbed;4;25;21;84;3;14.29;0;14.29;0;0;0;0;24/09/2021;19/09/2022;NA;NA;NA;100;0
Phalacrocarpum oppositifolium;110821-02;Fellfield;1;25;15;60;15;100;86.67;0;13.33;0;13.33;0;10/09/2021;23/05/2022;39.50347222;18/10/2021;465;13.33;1.563
Phalacrocarpum oppositifolium;110821-02;Fellfield;2;25;17;68;17;100;100;0;0;0;0;0;10/09/2021;05/11/2021;27.6;06/10/2021;347;0;0.523
Phalacrocarpum oppositifolium;110821-02;Fellfield;3;25;19;76;18;94.74;94.74;0;0;0;0;0;10/09/2021;19/09/2022;28;07/10/2021;358;0;1.585
Phalacrocarpum oppositifolium;110821-02;Fellfield;4;25;18;72;18;100;94.44;0;5.56;0;5.56;0;10/09/2021;23/05/2022;30;09/10/2021;380;5.56;1.802
Phalacrocarpum oppositifolium;110821-02;Snowbed;1;25;17;68;17;100;88.24;11.76;0;0;0;0;10/09/2021;11/05/2022;41.3828125;20/10/2021;329;11.76;1.402
Phalacrocarpum oppositifolium;110821-02;Snowbed;2;25;16;64;16;100;75;25;0;0;0;0;10/09/2021;11/05/2022;41.60833333;20/10/2021;329;25;1.924
Phalacrocarpum oppositifolium;110821-02;Snowbed;3;25;14;56;14;100;100;0;0;0;0;0;10/09/2021;18/10/2021;8.166666667;17/09/2021;91.5;0;0.592
Phalacrocarpum oppositifolium;110821-02;Snowbed;4;25;14;56;14;100;100;0;0;0;0;0;10/09/2021;18/10/2021;26;05/10/2021;238.5;0;0
Phalacrocarpum oppositifolium;120821-05;Fellfield;1;12;4;33.33;3;75;50;25;0;0;0;0;10/09/2021;19/09/2022;56.04166667;04/11/2021;575.5;33.33;1.585
Phalacrocarpum oppositifolium;120821-05;Fellfield;2;12;3;25;3;100;100;0;0;0;0;0;10/09/2021;05/11/2021;42.51041667;21/10/2021;487.5;0;0.918
Phalacrocarpum oppositifolium;120821-05;Snowbed;1;12;7;58.33;7;100;42.86;57.14;0;0;0;0;10/09/2021;11/05/2022;242.125;09/05/2022;406.5;57.14;1.379
Phalacrocarpum oppositifolium;120821-05;Snowbed;2;12;10;83.33;10;100;80;20;0;0;0;0;10/09/2021;11/05/2022;27.71428571;06/10/2021;245.5;20;1.157
Phyteuma hemisphaericum;240821-10;Fellfield;1;25;17;68;1;5.88;0;0;5.88;0;5.88;0;16/09/2021;19/09/2022;NA;NA;NA;100;0
Phyteuma hemisphaericum;240821-10;Fellfield;2;25;23;92;5;21.74;0;0;21.74;0;21.74;0;16/09/2021;19/09/2022;NA;NA;NA;100;1.522
Phyteuma hemisphaericum;240821-10;Fellfield;3;24;18;75;8;44.44;5.56;0;38.89;0;38.89;0;16/09/2021;19/09/2022;NA;NA;NA;87.49;1.61
Phyteuma hemisphaericum;240821-10;Fellfield;4;25;19;76;4;21.05;0;0;15.79;0;15.79;5.26;16/09/2021;19/09/2022;NA;NA;NA;100;2
Phyteuma hemisphaericum;240821-10;Snowbed;1;25;23;92;13;56.52;0;21.74;34.78;0;21.74;13.04;16/09/2021;19/09/2022;276;18/06/2022;452;100;2.104
Phyteuma hemisphaericum;240821-10;Snowbed;2;21;14;66.67;6;42.86;7.14;0;35.71;0;21.43;14.29;16/09/2021;19/09/2022;NA;NA;NA;83.34;1.918
Phyteuma hemisphaericum;240821-10;Snowbed;3;24;17;70.83;2;11.76;0;0;5.88;5.88;0;11.76;16/09/2021;19/09/2022;NA;NA;NA;100;1
Phyteuma hemisphaericum;240821-10;Snowbed;4;23;20;86.96;10;50;0;0;45;5;0;50;16/09/2021;19/09/2022;293;05/07/2022;643;100;1.157
Phyteuma hemisphaericum;250821-07;Fellfield;1;25;23;92;7;30.43;0;0;21.74;8.7;21.74;8.7;20/09/2021;19/09/2022;NA;NA;NA;100;2.522
Phyteuma hemisphaericum;250821-07;Fellfield;2;25;23;92;11;47.83;0;0;47.83;0;47.83;0;20/09/2021;19/09/2022;NA;NA;NA;100;1.79
Phyteuma hemisphaericum;250821-07;Fellfield;3;25;22;88;8;36.36;0;0;36.36;0;36.36;0;20/09/2021;19/09/2022;NA;NA;NA;100;2.156
Phyteuma hemisphaericum;250821-07;Fellfield;4;25;15;60;7;46.67;0;0;46.67;0;46.67;0;20/09/2021;19/09/2022;NA;NA;NA;100;0.985
Phyteuma hemisphaericum;250821-07;Snowbed;1;24;22;91.67;4;18.18;0;0;9.09;9.09;4.55;13.64;20/09/2021;19/09/2022;NA;NA;NA;100;1.5
Phyteuma hemisphaericum;250821-07;Snowbed;2;25;23;92;6;26.09;0;4.35;17.39;4.35;17.39;4.35;20/09/2021;19/09/2022;NA;NA;NA;100;1.252
Phyteuma hemisphaericum;250821-07;Snowbed;3;25;21;84;7;33.33;0;0;33.33;0;19.05;14.29;20/09/2021;19/09/2022;NA;NA;NA;100;0.985
Phyteuma hemisphaericum;250821-07;Snowbed;4;25;23;92;7;30.43;0;0;30.43;0;26.09;4.35;20/09/2021;19/09/2022;NA;NA;NA;100;0.592
Phyteuma orbiculare;300921-02;Fellfield;1;17;14;82.35;3;21.43;0;0;21.43;0;21.43;0;13/10/2021;19/09/2022;NA;NA;NA;100;0
Phyteuma orbiculare;300921-02;Fellfield;2;17;11;64.71;2;18.18;0;0;18.18;0;18.18;0;13/10/2021;19/09/2022;NA;NA;NA;100;0
Phyteuma orbiculare;300921-02;Fellfield;3;17;10;58.82;2;20;0;0;20;0;20;0;13/10/2021;19/09/2022;NA;NA;NA;100;0
Phyteuma orbiculare;300921-02;Snowbed;1;17;8;47.06;2;25;0;0;25;0;0;25;13/10/2021;19/09/2022;NA;NA;NA;100;0
Phyteuma orbiculare;300921-02;Snowbed;2;17;15;88.24;6;40;0;33.33;6.67;0;0;6.67;13/10/2021;19/09/2022;NA;NA;NA;100;0.65
Phyteuma orbiculare;300921-02;Snowbed;3;13;5;38.46;2;40;0;0;0;40;0;40;13/10/2021;19/09/2022;NA;NA;NA;100;1
Plantago alpina;130921-08;Fellfield;1;20;17;85;17;100;11.76;11.76;76.47;0;76.48;0;04/10/2021;10/05/2022;194.5;15/04/2022;308;88.24;2.299
Plantago alpina;130921-08;Fellfield;2;20;18;90;18;100;16.67;5.56;77.78;0;77.77;0;04/10/2021;10/05/2022;195.8333333;16/04/2022;311.5;83.33;2.489
Plantago alpina;130921-08;Fellfield;3;20;19;95;19;100;10.53;21.05;68.42;0;68.42;0;04/10/2021;10/05/2022;193.5;14/04/2022;304.5;89.47;2.076
Plantago alpina;130921-08;Snowbed;1;20;17;85;17;100;0;52.94;35.29;11.76;35.3;11.76;04/10/2021;14/07/2022;233.125;24/05/2022;189.5;100;2.558
Plantago alpina;130921-08;Snowbed;2;20;20;100;19;95;0;75;20;0;20;0;04/10/2021;19/09/2022;230.5;21/05/2022;185;100;1.894
Plantago alpina;130921-08;Snowbed;3;20;9;45;9;100;11.11;55.56;33.33;0;22.22;11.11;04/10/2021;24/06/2022;231.9;22/05/2022;185.5;88.89;1.88
Plantago alpina;300821-15;Fellfield;1;25;20;80;20;100;25;0;70;5;70;5;22/09/2021;18/07/2022;211.5;20/04/2022;471.5;75;2.204
Plantago alpina;300821-15;Fellfield;2;25;22;88;22;100;36.36;0;63.64;0;63.64;0;22/09/2021;02/05/2022;205.2;14/04/2022;447.5;63.64;1.92
Plantago alpina;300821-15;Fellfield;3;25;24;96;24;100;37.5;16.67;45.83;0;45.83;0;22/09/2021;09/05/2022;199.25;08/04/2022;428.5;62.5;2.083
Plantago alpina;300821-15;Fellfield;4;25;24;96;24;100;54.17;12.5;33.33;0;33.33;0;22/09/2021;02/05/2022;13.84615385;04/10/2021;154;45.83;1.815
Plantago alpina;300821-15;Snowbed;1;25;25;100;25;100;0;68;32;0;28;4;22/09/2021;29/06/2022;238.7;17/05/2022;278;100;2.15
Plantago alpina;300821-15;Snowbed;2;25;22;88;22;100;0;72.73;27.27;0;27.27;0;22/09/2021;01/06/2022;237;16/05/2022;277.5;100;1.981
Plantago alpina;300821-15;Snowbed;3;25;24;96;24;100;0;58.33;41.67;0;41.67;0;22/09/2021;08/06/2022;238;17/05/2022;278;100;2.189
Plantago alpina;300821-15;Snowbed;4;25;25;100;25;100;0;76;24;0;20;4;22/09/2021;23/06/2022;235.3;14/05/2022;277;100;2.129
Plantago holosteum;240821-04;Fellfield;1;25;25;100;25;100;100;0;0;0;0;0;15/09/2021;29/09/2021;7;21/09/2021;95;0;0
Plantago holosteum;240821-04;Fellfield;2;25;25;100;25;100;100;0;0;0;0;0;15/09/2021;29/09/2021;7;21/09/2021;95;0;0
Plantago holosteum;240821-04;Fellfield;3;25;25;100;25;100;100;0;0;0;0;0;15/09/2021;29/09/2021;7;21/09/2021;95;0;0
Plantago holosteum;240821-04;Fellfield;4;25;25;100;25;100;100;0;0;0;0;0;15/09/2021;29/09/2021;7;21/09/2021;95;0;0
Plantago holosteum;240821-04;Snowbed;1;25;25;100;25;100;100;0;0;0;0;0;15/09/2021;29/09/2021;7;21/09/2021;69.5;0;0
Plantago holosteum;240821-04;Snowbed;2;25;25;100;25;100;100;0;0;0;0;0;15/09/2021;29/09/2021;7;21/09/2021;69.5;0;0
Plantago holosteum;240821-04;Snowbed;3;25;25;100;25;100;100;0;0;0;0;0;15/09/2021;29/09/2021;7;21/09/2021;69.5;0;0
Plantago holosteum;240821-04;Snowbed;4;25;25;100;25;100;100;0;0;0;0;0;15/09/2021;29/09/2021;7;21/09/2021;69.5;0;0
Plantago holosteum;250821-12;Fellfield;1;25;25;100;24;96;88;0;8;0;8;0;20/09/2021;19/09/2022;9.659090909;28/09/2021;110.5;8.33;0.497
Plantago holosteum;250821-12;Fellfield;2;25;25;100;25;100;100;0;0;0;0;0;20/09/2021;07/10/2021;8.5;27/09/2021;99;0;0
Plantago holosteum;250821-12;Fellfield;3;25;25;100;25;100;92;0;8;0;8;0;20/09/2021;23/05/2022;9.239130435;28/09/2021;110.5;8;0.482
Plantago holosteum;250821-12;Fellfield;4;25;25;100;25;100;92;0;8;0;8;0;20/09/2021;02/05/2022;9.239130435;28/09/2021;110.5;8;0.482
Plantago holosteum;250821-12;Snowbed;1;25;25;100;23;92;92;0;0;0;0;0;20/09/2021;19/09/2022;9.239130435;28/09/2021;74.5;0;0
Plantago holosteum;250821-12;Snowbed;2;25;25;100;25;100;88;4;8;0;4;4;20/09/2021;29/06/2022;9.659090909;28/09/2021;74.5;12;0.72
Plantago holosteum;250821-12;Snowbed;3;25;25;100;25;100;88;0;12;0;8;4;20/09/2021;29/06/2022;9.659090909;28/09/2021;74.5;12;0.72
Plantago holosteum;250821-12;Snowbed;4;25;25;100;25;100;80;0;20;0;16;4;20/09/2021;29/06/2022;10.625;29/09/2021;82;20;0.996
Ranunculus carianthiacus;310821-16;Fellfield;1;15;15;100;4;26.67;0;0;0;26.67;0;26.67;28/09/2021;19/09/2022;NA;NA;NA;100;0
Ranunculus carianthiacus;310821-16;Snowbed;1;15;15;100;0;0;0;0;0;0;0;0;28/09/2021;19/09/2022;NA;NA;NA;0;0
Salix fontqueri;140921-01;Fellfield;1;5;5;100;0;0;0;0;0;0;0;0;06/10/2021;19/09/2022;NA;NA;NA;0;0
Salix fontqueri;140921-01;Snowbed;1;5;5;100;0;0;0;0;0;0;0;0;06/10/2021;19/09/2022;NA;NA;NA;0;0
Saxifraga conifera;130921-09;Fellfield;1;25;16;64;16;100;93.75;0;0;6.25;0;6.25;04/10/2021;05/07/2022;18.5125;21/10/2021;173.5;6.25;1.198
Saxifraga conifera;130921-09;Fellfield;2;25;12;48;12;100;83.33;0;0;16.67;0;16.67;04/10/2021;01/08/2022;19.01388889;22/10/2021;181;16.67;1.626
Saxifraga conifera;130921-09;Fellfield;3;24;17;70.83;17;100;100;0;0;0;0;0;04/10/2021;02/11/2021;9.153846154;12/10/2021;96;0;0.787
Saxifraga conifera;130921-09;Fellfield;4;24;16;66.67;14;87.5;62.5;0;0;25;6.25;18.75;04/10/2021;19/09/2022;21.52083333;24/10/2021;196;28.57;2.128
Saxifraga conifera;130921-09;Snowbed;1;25;14;56;9;64.29;7.14;0;0;42.86;0;57.14;04/10/2021;19/09/2022;322;21/08/2022;1186.5;88.89;1.224
Saxifraga conifera;130921-09;Snowbed;2;25;15;60;11;73.33;0;0;0;40;0;73.33;04/10/2021;19/09/2022;339.8;07/09/2022;1428.5;100;1.349
Saxifraga conifera;130921-09;Snowbed;3;25;11;44;5;45.45;0;0;0;18.18;0;45.45;04/10/2021;19/09/2022;NA;NA;NA;100;1.371
Saxifraga conifera;130921-09;Snowbed;4;25;18;72;16;88.89;11.11;0;0;38.89;0;77.78;04/10/2021;19/09/2022;322;21/08/2022;1186.5;87.5;1.677
Saxifraga conifera;140921-08;Fellfield;1;20;11;55;8;72.73;63.64;0;0;9.09;0;9.09;08/10/2021;19/09/2022;22.0327381;29/10/2021;184.5;12.5;0.544
Saxifraga conifera;140921-08;Fellfield;2;20;8;40;8;100;50;0;0;37.5;0;50;08/10/2021;13/09/2022;25.04166667;01/11/2021;202.5;50;1.75
Saxifraga conifera;140921-08;Fellfield;3;19;12;63.16;11;91.67;33.33;0;0;50;0;58.33;08/10/2021;19/09/2022;277;11/07/2022;1173.5;63.64;2.595
Saxifraga conifera;140921-08;Snowbed;1;20;14;70;7;50;21.43;0;0;21.43;0;28.57;08/10/2021;19/09/2022;340;12/09/2022;1463;57.14;1.842
Saxifraga conifera;140921-08;Snowbed;2;20;16;80;16;100;0;0;0;75;0;100;08/10/2021;19/09/2022;315;18/08/2022;1115;100;2.399
Saxifraga conifera;140921-08;Snowbed;3;20;9;45;4;44.44;0;0;0;33.33;0;44.44;08/10/2021;19/09/2022;NA;NA;NA;100;0.811
Saxifraga paniculata;310821-14;Fellfield;1;25;23;92;22;95.65;0;0;95.65;0;95.65;0;24/09/2021;19/09/2022;227.9545455;08/05/2022;538;100;1.661
Saxifraga paniculata;310821-14;Fellfield;2;25;25;100;25;100;0;0;100;0;100;0;24/09/2021;16/05/2022;218.46875;29/04/2022;487;100;1.218
Saxifraga paniculata;310821-14;Fellfield;3;25;25;100;23;92;0;0;92;0;92;0;24/09/2021;19/09/2022;218.1470588;29/04/2022;487;100;0.998
Saxifraga paniculata;310821-14;Fellfield;4;25;24;96;24;100;0;0;100;0;100;0;24/09/2021;16/05/2022;223.5;04/05/2022;514;100;1.5
Saxifraga paniculata;310821-14;Snowbed;1;25;20;80;4;20;0;0;20;0;0;20;24/09/2021;16/05/2022;NA;NA;NA;100;0.811
Saxifraga paniculata;310821-14;Snowbed;2;25;25;100;23;92;0;0;68;24;12;80;24/09/2021;19/09/2022;274.1428571;24/06/2022;435;100;1.934
Saxifraga paniculata;310821-14;Snowbed;3;25;20;80;11;55;0;0;40;15;0;55;24/09/2021;19/09/2022;282.6666667;02/07/2022;528;100;1.539
Saxifraga paniculata;310821-14;Snowbed;4;25;24;96;15;62.5;0;0;16.67;45.83;0;62.5;24/09/2021;19/09/2022;293.75;13/07/2022;679.5;100;2.2
Scilla verna;310821-06;Fellfield;1;25;24;96;1;4.17;0;0;0;0;0;4.17;24/09/2021;19/09/2022;NA;NA;NA;100;0
Scilla verna;310821-06;Fellfield;2;25;24;96;0;0;0;0;0;0;0;0;24/09/2021;19/09/2022;NA;NA;NA;0;0
Scilla verna;310821-06;Fellfield;3;25;25;100;3;12;0;0;0;0;0;12;24/09/2021;19/09/2022;NA;NA;NA;100;0
Scilla verna;310821-06;Fellfield;4;25;23;92;6;26.09;0;0;0;0;0;26.09;24/09/2021;19/09/2022;NA;NA;NA;100;0
Scilla verna;310821-06;Snowbed;1;25;25;100;1;4;0;0;0;0;0;4;24/09/2021;19/09/2022;NA;NA;NA;100;0.994
Scilla verna;310821-06;Snowbed;2;25;24;96;11;45.83;0;0;0;0;0;45.83;24/09/2021;19/09/2022;NA;NA;NA;100;0
Scilla verna;310821-06;Snowbed;3;25;24;96;6;25;0;0;0;4.17;0;25;24/09/2021;19/09/2022;NA;NA;NA;100;1.459
Scilla verna;310821-06;Snowbed;4;25;25;100;10;40;0;0;0;0;0;40;24/09/2021;19/09/2022;NA;NA;NA;100;0.469
Sedum anglicum;240821-09;Fellfield;1;25;23;92;18;78.26;60.87;8.7;4.35;4.35;4.34;4.35;16/09/2021;19/09/2022;36.34027778;21/10/2021;397.5;22.22;2.288
Sedum anglicum;240821-09;Fellfield;2;25;23;92;19;82.61;82.61;0;0;0;0;0;16/09/2021;19/09/2022;9.966666667;24/09/2021;118.5;0;0.953
Sedum anglicum;240821-09;Fellfield;3;25;24;96;24;100;79.17;12.5;0;8.33;0;8.33;16/09/2021;18/07/2022;12;27/09/2021;155;20.83;1.815
Sedum anglicum;240821-09;Fellfield;4;25;25;100;21;84;80;0;4;0;4;0;16/09/2021;19/09/2022;16.75;01/10/2021;201;4.76;1.437
Sedum anglicum;240821-09;Snowbed;1;25;24;96;16;66.67;62.5;0;4.17;0;0;4.17;16/09/2021;19/09/2022;23;08/10/2021;189;6.25;1.424
Sedum anglicum;240821-09;Snowbed;2;25;24;96;16;66.67;54.17;0;8.33;0;0;12.5;16/09/2021;19/09/2022;46.36111111;31/10/2021;301;18.75;1.953
Sedum anglicum;240821-09;Snowbed;3;25;22;88;16;72.73;68.18;0;0;0;0;4.55;16/09/2021;19/09/2022;33;18/10/2021;249.5;6.26;1.772
Sedum anglicum;240821-09;Snowbed;4;25;24;96;13;54.17;54.17;0;0;0;0;0;16/09/2021;19/09/2022;33;18/10/2021;249.5;0;1.314
Sedum anglicum;250821-09;Fellfield;1;25;16;64;16;100;43.75;6.25;25;25;31.25;18.75;28/09/2021;18/07/2022;188;03/04/2022;342;56.25;3.078
Sedum anglicum;250821-09;Fellfield;2;25;24;96;15;62.5;50;0;8.33;4.17;8.33;4.17;28/09/2021;19/09/2022;42.04166667;08/11/2021;349;20;2.283
Sedum anglicum;250821-09;Fellfield;3;25;18;72;5;27.78;22.22;5.56;0;0;0;0;28/09/2021;19/09/2022;NA;NA;NA;20.01;1.922
Sedum anglicum;250821-09;Fellfield;4;25;18;72;12;66.67;33.33;5.56;11.11;16.67;11.11;16.67;28/09/2021;19/09/2022;216;01/05/2022;447;50.01;2.418
Sedum anglicum;250821-09;Snowbed;1;25;25;100;14;56;36;0;8;8;0;20;14/10/2021;19/09/2022;298.5;22/07/2022;781.5;35.71;2.404
Sedum anglicum;250821-09;Snowbed;2;25;20;80;9;45;25;0;10;10;0;20;14/10/2021;19/09/2022;NA;NA;NA;44.44;2.059
Sedum anglicum;250821-09;Snowbed;3;25;21;84;9;42.86;19.05;0;9.52;9.52;0;23.81;14/10/2021;19/09/2022;NA;NA;NA;55.55;2.281
Sedum anglicum;250821-09;Snowbed;4;25;24;96;8;33.33;29.17;0;4.17;0;4.17;0;14/10/2021;19/09/2022;NA;NA;NA;12.48;1.75
Sedum brevifolium;240821-11;Fellfield;1;25;23;92;13;56.52;47.83;0;8.7;0;8.7;0;16/09/2021;19/09/2022;231.5;04/05/2022;620;15.38;1.7
Sedum brevifolium;240821-11;Fellfield;2;25;24;96;21;87.5;87.5;0;0;0;0;0;16/09/2021;19/09/2022;20.69230769;05/10/2021;246;0;1.166
Sedum brevifolium;240821-11;Fellfield;3;25;20;80;12;60;60;0;0;0;0;0;16/09/2021;19/09/2022;33;18/10/2021;375;0;1.459
Sedum brevifolium;240821-11;Fellfield;4;25;22;88;22;100;90.91;0;0;9.09;4.55;4.55;16/09/2021;22/08/2022;15;30/09/2021;189.5;9.09;1.439
Sedum brevifolium;240821-11;Snowbed;1;23;23;100;13;56.52;47.83;0;4.35;0;0;8.7;16/09/2021;19/09/2022;276;18/06/2022;452;15.38;1.573
Sedum brevifolium;240821-11;Snowbed;2;23;22;95.65;17;77.27;63.64;0;4.55;9.09;0;13.64;16/09/2021;19/09/2022;18;03/10/2021;154;17.64;0.1545
Sedum brevifolium;240821-11;Snowbed;3;24;22;91.67;17;77.27;77.27;0;0;0;0;0;16/09/2021;19/09/2022;21.57142857;06/10/2021;175;0;1.402
Sedum brevifolium;240821-11;Snowbed;4;25;23;92;18;78.26;69.57;0;0;8.7;0;8.7;16/09/2021;19/09/2022;24;09/10/2021;196;11.1;1.352
Sedum brevifolium;250821-08;Fellfield;1;25;24;96;8;33.33;8.33;0;25;0;25;0;28/09/2021;19/09/2022;NA;NA;NA;75.01;2.5
Sedum brevifolium;250821-08;Fellfield;2;24;22;91.67;4;18.18;4.55;0;13.64;0;13.64;0;28/09/2021;19/09/2022;NA;NA;NA;74.97;1.5
Sedum brevifolium;250821-08;Fellfield;3;25;25;100;9;36;32;0;4;0;4;0;28/09/2021;19/09/2022;NA;NA;NA;11.11;1.224
Sedum brevifolium;250821-08;Fellfield;4;25;22;88;3;13.64;0;0;13.64;0;13.64;0;28/09/2021;19/09/2022;NA;NA;NA;100;1.585
Sedum brevifolium;250821-08;Snowbed;1;25;21;84;6;28.57;4.76;0;0;9.52;0;23.81;28/09/2021;19/09/2022;NA;NA;NA;83.34;2.252
Sedum brevifolium;250821-08;Snowbed;2;25;25;100;6;24;4;0;8;8;0;20;28/09/2021;19/09/2022;NA;NA;NA;83.33;1.918
Sedum brevifolium;250821-08;Snowbed;3;25;22;88;3;13.64;0;0;13.64;0;0;13.64;28/09/2021;19/09/2022;NA;NA;NA;100;0
Sedum brevifolium;250821-08;Snowbed;4;25;25;100;5;20;8;0;12;0;0;12;28/09/2021;19/09/2022;NA;NA;NA;60;1.522
Sedum sp (album cf);300821-14;Fellfield;1;25;25;100;0;0;0;0;0;0;0;0;22/09/2021;19/09/2022;NA;NA;NA;0;0
Sedum sp (album cf);300821-14;Fellfield;2;25;24;96;0;0;0;0;0;0;0;0;22/09/2021;19/09/2022;NA;NA;NA;0;0
Sedum sp (album cf);300821-14;Fellfield;3;25;25;100;0;0;0;0;0;0;0;0;22/09/2021;19/09/2022;NA;NA;NA;0;0
Sedum sp (album cf);300821-14;Fellfield;4;25;23;92;0;0;0;0;0;0;0;0;22/09/2021;19/09/2022;NA;NA;NA;0;0
Sedum sp (album cf);300821-14;Snowbed;1;25;25;100;0;0;0;0;0;0;0;0;22/09/2021;19/09/2022;NA;NA;NA;0;0
Sedum sp (album cf);300821-14;Snowbed;2;25;20;80;0;0;0;0;0;0;0;0;22/09/2021;19/09/2022;NA;NA;NA;0;0
Sedum sp (album cf);300821-14;Snowbed;3;25;24;96;0;0;0;0;0;0;0;0;22/09/2021;19/09/2022;NA;NA;NA;0;0
Sedum sp (album cf);300821-14;Snowbed;4;25;25;100;0;0;0;0;0;0;0;0;22/09/2021;19/09/2022;NA;NA;NA;0;0
Sempervivum arachnoideo;230921-02;Fellfield;1;25;18;72;15;83.33;0;0;83.33;0;83.33;0;13/10/2021;19/09/2022;215.3;15/05/2022;383.5;100;0.918
Sempervivum arachnoideo;230921-02;Fellfield;2;25;23;92;22;95.65;0;0;91.3;8.7;91.3;4.35;13/10/2021;19/09/2022;213.5769231;13/05/2022;366.5;100;1.693
Sempervivum arachnoideo;230921-02;Fellfield;3;24;22;91.67;22;100;0;0;86.36;18.18;95.45;4.55;13/10/2021;22/06/2022;213.6666667;13/05/2022;366.5;100;0.981
Sempervivum arachnoideo;230921-02;Fellfield;4;25;23;92;23;100;0;0;95.65;8.7;100;0;13/10/2021;14/06/2022;213.75;13/05/2022;366.5;100;1.614
Sempervivum arachnoideo;230921-02;Snowbed;1;25;21;84;19;90.48;0;0;52.38;85.71;0;90.48;13/10/2021;19/09/2022;259.7;28/06/2022;341;100;1.683
Sempervivum arachnoideo;230921-02;Snowbed;2;25;23;92;22;95.65;0;0;47.83;69.57;0;95.65;13/10/2021;19/09/2022;260.35;29/06/2022;353;100;1.717
Sempervivum arachnoideo;230921-02;Snowbed;3;25;20;80;19;95;0;0;65;80;0;95;13/10/2021;19/09/2022;258.2;27/06/2022;329;100;1.638
Sempervivum arachnoideo;230921-02;Snowbed;4;25;21;84;16;76.19;0;0;52.38;76.19;0;76.19;13/10/2021;19/09/2022;259.7272727;28/06/2022;341;100;0.896
Sempervivum arachnoideo;230921-04;Fellfield;1;25;21;84;21;100;0;0;100;0;100;0;13/10/2021;24/05/2022;210.1666667;10/05/2022;341;100;1.776
Sempervivum arachnoideo;230921-04;Fellfield;2;25;24;96;22;91.67;0;0;91.67;0;91.67;0;13/10/2021;19/09/2022;211.3333333;11/05/2022;349.5;100;1.981
Sempervivum arachnoideo;230921-04;Fellfield;3;25;25;100;25;100;0;0;100;0;100;0;13/10/2021;24/05/2022;212.5;12/05/2022;358;100;1.791
Sempervivum arachnoideo;230921-04;Fellfield;4;25;23;92;22;95.65;0;0;91.3;8.7;91.3;4.35;13/10/2021;19/09/2022;211.7222222;11/05/2022;349.5;100;2.151
Sempervivum arachnoideo;230921-04;Snowbed;1;25;24;96;10;41.67;0;0;29.17;33.33;0;41.67;13/10/2021;19/09/2022;NA;NA;NA;100;1.485
Sempervivum arachnoideo;230921-04;Snowbed;2;25;18;72;13;72.22;0;0;27.78;66.67;0;72.22;13/10/2021;19/09/2022;263.5;02/07/2022;389;100;1.239
Sempervivum arachnoideo;230921-04;Snowbed;3;25;24;96;20;83.33;0;0;50;75;0;83.33;13/10/2021;19/09/2022;260;29/06/2022;353;100;1.685
Sempervivum arachnoideo;230921-04;Snowbed;4;25;21;84;20;95.24;0;0;80.95;71.43;0;95.24;13/10/2021;19/09/2022;256.75;25/06/2022;306.5;100;1.353
Sesleria caerula;310821-03;Fellfield;1;25;22;88;22;100;86.36;4.55;4.55;0;4.54;4.55;22/09/2021;13/09/2022;28.93333333;19/10/2021;301.5;13.64;1.432
Sesleria caerula;310821-03;Fellfield;2;25;18;72;18;100;88.89;5.56;5.56;0;5.55;0;22/09/2021;23/05/2022;25.23076923;16/10/2021;277;11.11;1.386
Sesleria caerula;310821-03;Fellfield;3;25;17;68;17;100;100;0;0;0;0;0;22/09/2021;26/10/2021;23.23333333;14/10/2021;258;0;0.523
Sesleria caerula;310821-03;Fellfield;4;25;18;72;18;100;100;0;0;0;0;0;22/09/2021;08/11/2021;22.91666667;13/10/2021;248.5;0;1.224
Sesleria caerula;310821-03;Snowbed;1;24;16;66.67;15;93.75;31.25;18.75;0;43.75;0;43.75;22/09/2021;19/09/2022;231;10/05/2022;277;66.67;2.873
Sesleria caerula;310821-03;Snowbed;2;25;16;64;15;93.75;25;25;0;43.75;0;43.75;22/09/2021;19/09/2022;231;10/05/2022;277;73.33;2.44
Sesleria caerula;310821-03;Snowbed;3;25;22;88;22;100;36.36;9.09;4.55;45.45;0;54.55;22/09/2021;07/09/2022;274;22/06/2022;431;63.64;2.652
Sesleria caerula;310821-03;Snowbed;4;25;15;60;15;100;53.33;13.33;6.67;26.67;0;33.33;22/09/2021;27/07/2022;45.7375;05/11/2021;254.5;46.67;2.549
Silene acaulis;130921-07;Fellfield;1;25;21;84;13;61.9;14.29;0;0;38.1;0;47.62;30/09/2021;19/09/2022;331.25;26/08/2022;2084.5;76.91;2.873
Silene acaulis;130921-07;Fellfield;2;25;21;84;6;28.57;19.05;0;0;9.52;4.76;4.76;30/09/2021;19/09/2022;NA;NA;NA;33.32;1.252
Silene acaulis;130921-07;Fellfield;3;25;23;92;17;73.91;0;0;8.7;65.22;13.04;60.87;30/09/2021;19/09/2022;295.5;21/07/2022;1437.5;100;2.461
Silene acaulis;130921-07;Fellfield;4;25;20;80;16;80;10;0;5;65;10;60;30/09/2021;19/09/2022;285;11/07/2022;1263.5;87.5;2.608
Silene acaulis;130921-07;Snowbed;1;25;21;84;6;28.57;9.52;0;0;19.05;0;19.05;30/09/2021;19/09/2022;NA;NA;NA;66.68;1.918
Silene acaulis;130921-07;Snowbed;2;25;24;96;8;33.33;0;8.33;12.5;25;0;25;30/09/2021;19/09/2022;NA;NA;NA;100;1.906
Silene acaulis;130921-07;Snowbed;3;25;21;84;9;42.86;0;9.52;4.76;28.57;0;33.33;30/09/2021;19/09/2022;NA;NA;NA;100;2.419
Silene acaulis;130921-07;Snowbed;4;25;23;92;6;26.09;4.35;0;0;21.74;0;21.74;30/09/2021;19/09/2022;NA;NA;NA;83.33;2.252
Silene acaulis;140921-03;Fellfield;1;25;14;56;4;28.57;0;0;0;21.43;0;28.57;05/10/2021;19/09/2022;NA;NA;NA;100;1.5
Silene acaulis;140921-03;Fellfield;2;24;13;54.17;5;38.46;7.69;0;7.69;23.08;7.69;23.08;05/10/2021;19/09/2022;NA;NA;NA;80.01;1.371
Silene acaulis;140921-03;Fellfield;3;25;17;68;5;29.41;0;0;0;29.41;0;29.41;05/10/2021;19/09/2022;NA;NA;NA;100;0.722
Silene acaulis;140921-03;Fellfield;4;25;21;84;9;42.86;0;0;9.52;38.1;9.52;33.33;05/10/2021;19/09/2022;NA;NA;NA;100;2.725
Silene acaulis;140921-03;Snowbed;1;25;22;88;4;18.18;0;0;0;18.18;0;18.18;05/10/2021;19/09/2022;NA;NA;NA;100;1
Silene acaulis;140921-03;Snowbed;2;25;20;80;5;25;10;0;0;15;0;15;05/10/2021;19/09/2022;NA;NA;NA;60;0.971
Silene acaulis;140921-03;Snowbed;3;25;20;80;10;50;0;0;5;50;0;50;05/10/2021;19/09/2022;288;19/07/2022;684.5;100;1.361
Silene acaulis;140921-03;Snowbed;4;25;21;84;10;47.62;0;0;9.52;47.62;0;47.62;05/10/2021;19/09/2022;NA;NA;NA;100;2.171
Silene ciliata;140921-09;Fellfield;1;25;23;92;19;82.61;13.04;0;69.57;0;69.57;0;08/10/2021;19/09/2022;207.875;02/05/2022;340;84.21;2.234
Silene ciliata;140921-09;Fellfield;2;25;22;88;22;100;27.27;0;72.73;0;72.73;0;08/10/2021;17/05/2022;200;25/04/2022;307;72.73;2.322
Silene ciliata;140921-09;Fellfield;3;25;24;96;19;79.17;12.5;0;62.5;4.17;66.67;0;08/10/2021;19/09/2022;205.25;30/04/2022;329.5;84.21;2.629
Silene ciliata;140921-09;Fellfield;4;25;21;84;19;90.48;28.57;0;61.9;0;61.9;0;08/10/2021;19/09/2022;197.9;22/04/2022;293.5;68.42;2.65
Silene ciliata;140921-09;Snowbed;1;25;24;96;16;66.67;4.17;25;37.5;0;20.83;16.67;08/10/2021;19/09/2022;251;15/06/2022;250.5;93.75;2.352
Silene ciliata;140921-09;Snowbed;2;25;21;84;15;71.43;4.76;14.29;47.62;4.76;23.81;28.57;08/10/2021;19/09/2022;253.4;17/06/2022;263.5;93.34;2.466
Silene ciliata;140921-09;Snowbed;3;25;22;88;15;68.18;4.55;4.55;50;13.64;9.09;50;08/10/2021;19/09/2022;258;22/06/2022;308;93.33;2.307
Silene ciliata;140921-09;Snowbed;4;25;15;60;15;100;0;13.33;80;6.67;40;46.67;08/10/2021;07/07/2022;250.125;14/06/2022;244;100;2.073
Silene ciliata;230921-01;Fellfield;1;25;24;96;17;70.83;0;0;70.83;0;70.83;0;13/10/2021;19/09/2022;206.2;06/05/2022;312;100;1.221
Silene ciliata;230921-01;Fellfield;2;25;24;96;24;100;4.17;0;95.83;0;95.83;0;13/10/2021;24/05/2022;196.1666667;26/04/2022;259.5;95.83;2.333
Silene ciliata;230921-01;Fellfield;3;25;21;84;19;90.48;4.76;0;85.71;0;85.71;0;13/10/2021;19/09/2022;189.75;19/04/2022;228;94.74;1.063
Silene ciliata;230921-01;Fellfield;4;25;24;96;24;100;0;0;91.67;8.33;91.67;8.33;13/10/2021;29/08/2022;194;24/04/2022;250.5;100;1.833
Silene ciliata;230921-01;Snowbed;1;25;21;84;17;80.95;0;4.76;71.43;9.52;61.91;14.29;13/10/2021;19/09/2022;243.9583333;12/06/2022;198;100;1.557
Silene ciliata;230921-01;Snowbed;2;25;22;88;22;100;0;13.64;86.36;18.18;54.54;31.82;13/10/2021;30/06/2022;242.5;11/06/2022;193;100;2.334
Silene ciliata;230921-01;Snowbed;3;25;24;96;24;100;0;12.5;87.5;0;75;12.5;13/10/2021;24/06/2022;240.75;09/06/2022;183;100;1.948
Silene ciliata;230921-01;Snowbed;4;25;20;80;19;95;0;5;85;5;75;15;13/10/2021;19/09/2022;243.2;12/06/2022;198;100;1.058
Silene ciliata;230921-03;Fellfield;1;25;23;92;20;86.96;0;0;78.26;4.35;78.26;8.7;13/10/2021;19/09/2022;206.5;06/05/2022;312;100;2.302
Silene ciliata;230921-03;Fellfield;2;25;25;100;23;92;0;0;92;4;92;0;13/10/2021;19/09/2022;202.5833333;02/05/2022;288;100;2.527
Silene ciliata;230921-03;Fellfield;3;25;25;100;20;80;0;0;80;0;80;0;13/10/2021;19/09/2022;200.25;30/04/2022;277.5;100;2.328
Silene ciliata;230921-03;Fellfield;4;25;25;100;25;100;0;0;100;0;100;0;13/10/2021;24/05/2022;195.5833333;25/04/2022;255;100;2.309
Silene ciliata;230921-03;Snowbed;1;25;25;100;24;96;0;0;96;4;92;4;13/10/2021;19/09/2022;241.6764706;10/06/2022;188;100;1.206
Silene ciliata;230921-03;Snowbed;2;25;24;96;24;100;4.17;12.5;83.33;0;79.17;4.17;13/10/2021;24/06/2022;231.2222222;31/05/2022;145.5;95.83;2.012
Silene ciliata;230921-03;Snowbed;3;25;25;100;24;96;0;16;76;4;72;8;13/10/2021;19/09/2022;242.0882353;11/06/2022;193;100;1.356
Silene ciliata;230921-03;Snowbed;4;25;25;100;23;92;0;8;84;4;72;12;13/10/2021;19/09/2022;240.75;09/06/2022;183;100;1.56
Silene ciliata;300821-11;Fellfield;1;25;24;96;23;95.83;0;0;95.83;0;95.83;0;22/09/2021;19/09/2022;220.4444444;29/04/2022;512;100;2.067
Silene ciliata;300821-11;Fellfield;2;25;25;100;24;96;0;4;92;0;92;0;22/09/2021;19/09/2022;213.5416667;22/04/2022;480.5;100;2.261
Silene ciliata;300821-11;Fellfield;3;25;25;100;24;96;0;0;96;0;96;0;22/09/2021;19/09/2022;220.8333333;29/04/2022;512;100;2.147
Silene ciliata;300821-11;Fellfield;4;25;24;96;24;100;0;0;100;0;100;0;22/09/2021;23/05/2022;221.125;30/04/2022;516.5;100;2.084
Silene ciliata;300821-11;Snowbed;1;25;25;100;24;96;0;20;68;8;48;28;22/09/2021;19/09/2022;259.7;07/06/2022;329;100;2.616
Silene ciliata;300821-11;Snowbed;2;25;25;100;25;100;0;24;76;0;52;24;22/09/2021;29/06/2022;260.9444444;08/06/2022;334;100;2.463
Silene ciliata;300821-11;Snowbed;3;25;25;100;24;96;0;48;48;0;32;16;22/09/2021;19/09/2022;246.1666667;25/05/2022;286.5;100;2.388
Silene ciliata;300821-11;Snowbed;4;25;25;100;24;96;0;20;72;4;24;52;22/09/2021;19/09/2022;267;15/06/2022;373.5;100;2.111
Solidago virgaurea;240821-08;Fellfield;1;25;19;76;19;100;89.47;5.26;5.26;0;5.27;0;16/09/2021;18/04/2022;16.33333333;01/10/2021;201;10.53;1.483
Solidago virgaurea;240821-08;Fellfield;2;23;19;82.61;19;100;100;0;0;0;0;0;16/09/2021;19/10/2021;8.821428571;23/09/2021;106;0;0.831
Solidago virgaurea;240821-08;Fellfield;3;25;21;84;21;100;100;0;0;0;0;0;16/09/2021;19/10/2021;12.40909091;27/09/2021;155;0;0.998
Solidago virgaurea;240821-08;Fellfield;4;25;16;64;16;100;100;0;0;0;0;0;16/09/2021;19/10/2021;9.454545455;24/09/2021;118.5;0;0.896
Solidago virgaurea;240821-08;Snowbed;1;24;21;87.5;21;100;4.76;95.24;0;0;0;0;16/09/2021;25/05/2022;236.5588235;09/05/2022;336;95.24;0.857
Solidago virgaurea;240821-08;Snowbed;2;25;21;84;21;100;19.05;76.19;4.76;0;0;4.76;16/09/2021;23/06/2022;236.4333333;09/05/2022;336;80.95;1.506
Solidago virgaurea;240821-08;Snowbed;3;25;20;80;20;100;10;90;0;0;0;0;16/09/2021;18/05/2022;236.5333333;09/05/2022;336;90;1.154
Solidago virgaurea;240821-08;Snowbed;4;22;18;81.82;18;100;22.22;77.78;0;0;0;0;16/09/2021;25/05/2022;236.3846154;09/05/2022;336;77.78;1.233
Solidago virgaurea;250821-13;Fellfield;1;25;22;88;22;100;68.18;31.82;0;0;0;0;20/09/2021;11/04/2022;23.33333333;12/10/2021;264;31.82;1564
Solidago virgaurea;250821-13;Fellfield;2;25;25;100;25;100;68;32;0;0;0;0;20/09/2021;11/04/2022;15.17857143;04/10/2021;179;32;1.362
Solidago virgaurea;250821-13;Fellfield;3;25;23;92;23;100;65.22;26.09;8.7;0;8.69;0;20/09/2021;18/04/2022;22.7;11/10/2021;254.5;34.78;1.813
Solidago virgaurea;250821-13;Fellfield;4;25;22;88;22;100;86.36;13.64;0;0;0;0;20/09/2021;11/04/2022;11;30/09/2021;133.5;13.64;0.994
Solidago virgaurea;250821-13;Snowbed;1;24;9;37.5;9;100;11.11;66.67;22.22;0;22.22;0;20/09/2021;01/06/2022;238.25;15/05/2022;294;88.89;2.281
Solidago virgaurea;250821-13;Snowbed;2;25;17;68;17;100;5.88;82.35;11.76;0;11.77;0;20/09/2021;15/06/2022;232.8333333;09/05/2022;294;94.12;1.821
Solidago virgaurea;250821-13;Snowbed;3;25;19;76;19;100;21.05;57.89;21.05;0;21.06;0;20/09/2021;15/06/2022;232.55;09/05/2022;294;78.95;1.868
Solidago virgaurea;250821-13;Snowbed;4;22;9;40.91;9;100;0;88.89;11.11;0;11.11;0;20/09/2021;01/06/2022;232.6428571;09/05/2022;294;100;0.986
Spergula morisonii;150721-01;Fellfield;1;25;14;56;11;78.57;57.14;0;7.14;0;7.14;14.29;30/07/2021;19/09/2022;70;07/10/2021;1068;27.28;1.491
Spergula morisonii;150721-01;Fellfield;2;25;23;92;17;73.91;73.91;0;0;0;0;0;30/07/2021;19/09/2022;31.43333333;29/08/2021;527;0;0.523
Spergula morisonii;150721-01;Fellfield;3;25;19;76;16;84.21;84.21;0;0;0;0;0;30/07/2021;19/09/2022;25.96666667;23/08/2021;425;0;0.337
Spergula morisonii;150721-01;Fellfield;4;25;19;76;17;89.47;84.21;0;5.26;0;5.26;0;30/07/2021;19/09/2022;60.67857143;27/09/2021;955;5.88;0.834
Spergula morisonii;150721-01;Snowbed;1;25;21;84;15;71.43;71.43;0;0;0;0;0;30/07/2021;19/09/2022;35.875;02/09/2021;595;0;0.722
Spergula morisonii;150721-01;Snowbed;2;25;22;88;19;86.36;86.36;0;0;0;0;0;30/07/2021;19/09/2022;23.73684211;21/08/2021;391;0;0
Spergula morisonii;150721-01;Snowbed;3;24;21;87.5;21;100;100;0;0;0;0;0;30/07/2021;09/09/2021;20.5;18/08/2021;340;0;0
Spergula morisonii;150721-01;Snowbed;4;25;20;80;19;95;95;0;0;0;0;0;30/07/2021;19/09/2022;22.77777778;20/08/2021;374;0;0.297
Spergula morisonii;280721-01;Fellfield;1;17;9;52.94;5;55.56;44.44;0;0;0;0;11.11;30/07/2021;19/09/2022;413;15/09/2022;3386.5;20.01;0.722
Spergula morisonii;280721-01;Fellfield;2;17;9;52.94;7;77.78;66.67;0;0;0;0;11.11;30/07/2021;19/09/2022;36.9;03/09/2021;612;14.28;1.149
Spergula morisonii;280721-01;Fellfield;3;17;8;47.06;4;50;37.5;0;0;0;0;12.5;30/07/2021;19/09/2022;416;18/09/2022;3428.5;25;0.811
Spergula morisonii;280721-01;Fellfield;4;17;11;64.71;1;9.09;9.09;0;0;0;0;0;30/07/2021;19/09/2022;NA;NA;NA;0;0
Spergula morisonii;280721-01;Snowbed;1;17;7;41.18;6;85.71;85.71;0;0;0;0;0;30/07/2021;19/09/2022;23.91666667;21/08/2021;391;0;0
Spergula morisonii;280721-01;Snowbed;2;17;14;82.35;9;64.29;64.29;0;0;0;0;0;30/07/2021;19/09/2022;50.66666667;17/09/2021;789.5;0;0.918
Spergula morisonii;280721-01;Snowbed;3;17;11;64.71;4;36.36;36.36;0;0;0;0;0;30/07/2021;19/09/2022;NA;NA;NA;0;0.811
Spergula morisonii;280721-01;Snowbed;4;17;9;52.94;5;55.56;55.56;0;0;0;0;0;30/07/2021;19/09/2022;65.16666667;02/10/2021;915;0;0.971
Thymus praecox;110821-05;Fellfield;1;25;19;76;18;94.74;89.47;0;5.26;0;5.26;0;07/09/2021;19/09/2022;15.0625;21/09/2021;219;5.56;1.503
Thymus praecox;110821-05;Fellfield;2;25;11;44;11;100;81.82;0;0;18.18;0;18.18;07/09/2021;27/06/2022;26.5;02/10/2021;350.5;18.18;0.866
Thymus praecox;110821-05;Fellfield;3;25;18;72;18;100;77.78;0;16.67;5.56;22.22;0;07/09/2021;06/06/2022;23.5;29/09/2021;316;22.22;1.769
Thymus praecox;110821-05;Fellfield;4;25;17;68;17;100;76.47;0;17.65;5.88;17.65;5.88;07/09/2021;08/08/2022;9.444444444;15/09/2021;138;23.53;2.13
Thymus praecox;110821-05;Snowbed;1;25;23;92;23;100;34.78;8.7;39.13;13.04;8.69;47.83;07/09/2021;07/09/2022;270.5;03/06/2022;480.5;65.22;2.964
Thymus praecox;110821-05;Snowbed;2;25;18;72;18;100;61.11;0;27.78;0;16.67;22.22;07/09/2021;07/09/2022;30.25;06/10/2021;284.5;38.89;2.239
Thymus praecox;110821-05;Snowbed;3;25;22;88;22;100;36.36;4.55;31.82;22.73;9.09;50;07/09/2021;07/09/2022;281;14/06/2022;535.5;63.64;2.902
Thymus praecox;110821-05;Snowbed;4;25;9;36;9;100;55.56;0;22.22;22.22;22.22;22.22;07/09/2021;20/07/2022;33.625;09/10/2021;305.5;44.44;2.059
Thymus praecox;120821-06;Fellfield;1;25;25;100;25;100;100;0;0;0;0;0;07/09/2021;14/10/2021;9.615384615;15/09/2021;138;0;0.999
Thymus praecox;120821-06;Fellfield;2;25;25;100;25;100;100;0;0;0;0;0;07/09/2021;14/10/2021;9.615384615;15/09/2021;138;0;0.999
Thymus praecox;120821-06;Fellfield;3;25;22;88;21;95.45;95.45;0;0;0;0;0;07/09/2021;19/09/2022;6.875;12/09/2021;96;0;0.792
Thymus praecox;120821-06;Fellfield;4;25;18;72;18;100;100;0;0;0;0;0;07/09/2021;14/10/2021;10;16/09/2021;152;0;1
Thymus praecox;120821-06;Snowbed;1;25;25;100;25;100;96;0;4;0;4;0;07/09/2021;15/06/2022;8.333333333;14/09/2021;99;4;1.34
Thymus praecox;120821-06;Snowbed;2;24;24;100;24;100;91.67;0;0;8.33;0;8.33;07/09/2021;13/07/2022;7.058823529;13/09/2021;88.5;8.33;1.123
Thymus praecox;120821-06;Snowbed;3;25;22;88;22;100;95.45;0;0;4.55;0;4.55;07/09/2021;06/07/2022;12.7;18/09/2021;141;4.55;1.439
Thymus praecox;120821-06;Snowbed;4;25;23;92;23;100;73.91;0;8.7;17.39;0;26.09;07/09/2021;13/07/2022;23.5;29/09/2021;233.5;26.09;1.901
Thymus praecox;130921-10;Fellfield;1;25;18;72;18;100;5.56;0;44.44;50;77.78;16.67;30/09/2021;26/07/2022;236;23/05/2022;602;94.44;2.525
Thymus praecox;130921-10;Fellfield;2;25;14;56;14;100;35.71;0;50;14.29;57.14;7.14;30/09/2021;19/07/2022;230.1666667;17/05/2022;544.5;64.29;2.217
Thymus praecox;130921-10;Fellfield;3;25;16;64;16;100;6.25;0;56.25;43.75;75;18.75;30/09/2021;19/07/2022;234.6;21/05/2022;582.5;93.75;2.68
Thymus praecox;130921-10;Fellfield;4;25;20;80;19;95;30;0;60;5;65;0;30/09/2021;13/09/2022;230.4;17/05/2022;544.5;68.42;2.039
Thymus praecox;130921-10;Snowbed;1;25;16;64;16;100;0;0;31.25;93.75;6.25;93.75;30/09/2021;08/08/2022;276;02/07/2022;480;100;2.147
Thymus praecox;130921-10;Snowbed;2;25;19;76;18;94.74;5.26;0;21.05;84.21;5.26;84.21;30/09/2021;19/09/2022;281.3125;07/07/2022;546;94.45;2.308
Thymus praecox;130921-10;Snowbed;3;25;17;68;17;100;0;0;17.65;94.12;5.88;94.12;30/09/2021;22/08/2022;278.5;04/07/2022;505.5;100;2.343
Thymus praecox;130921-10;Snowbed;4;20;17;85;17;100;0;0;23.53;94.12;0;100;30/09/2021;29/08/2022;278.25;04/07/2022;505.5;100;2.38
Thymus praecox;300821-07;Fellfield;1;25;22;88;21;95.45;86.36;0;4.55;4.55;9.09;0;21/09/2021;19/09/2022;10.35294118;30/09/2021;121;9.52;1.083
Thymus praecox;300821-07;Fellfield;2;25;23;92;23;100;86.96;0;13.04;0;13.04;0;21/09/2021;23/05/2022;10.82352941;30/09/2021;121;13.04;1.209
Thymus praecox;300821-07;Fellfield;3;25;21;84;21;100;80.95;0;14.29;4.76;14.29;4.76;21/09/2021;27/06/2022;12;02/10/2021;144;19.05;1.532
Thymus praecox;300821-07;Fellfield;4;25;23;92;23;100;86.96;4.35;8.7;0;8.69;0;21/09/2021;16/05/2022;9.684210526;29/09/2021;109.5;13.04;0.927
Thymus praecox;300821-07;Snowbed;1;25;18;72;18;100;0;0;100;0;27.78;72.22;21/09/2021;29/06/2022;270.2;17/06/2022;395;100;1.415
Thymus praecox;300821-07;Snowbed;2;25;21;84;21;100;0;0;85.71;14.29;28.57;71.43;21/09/2021;20/07/2022;275.375;22/06/2022;439.5;100;2.13
Thymus praecox;300821-07;Snowbed;3;24;18;75;18;100;0;0;94.44;5.56;33.33;66.67;21/09/2021;13/07/2022;269.6666667;16/06/2022;388.5;100;1.612
Thymus praecox;300821-07;Snowbed;4;24;19;79.17;18;94.74;0;0;68.42;26.32;36.84;57.89;21/09/2021;19/09/2022;270.3333333;17/06/2022;395;100;1.841
